Country,State,Year,Emission
United States,Alabama,1990,42341.9398424466
United States,Alabama,1991,39217.81868598384
United States,Alabama,1992,36762.376139529326
United States,Alabama,1993,36945.5204246239
United States,Alabama,1994,37441.987567695796
United States,Alabama,1995,40712.6735514722
United States,Alabama,1996,40187.2256413868
United States,Alabama,1997,41593.5277599792
United States,Alabama,1998,41608.4101237311
United States,Alabama,1999,40588.5136351212
United States,Alabama,2000,45362.632141348804
United States,Alabama,2001,43376.78423851298
United States,Alabama,2002,39804.0917896286
United States,Alabama,2003,39151.90047217642
United States,Alabama,2004,40827.8711954905
United States,Alabama,2005,38438.3335736769
United States,Alabama,2006,37589.5321570261
United States,Alabama,2007,37492.1219475732
United States,Alabama,2008,36750.1487837774
United States,Alabama,2009,32675.37217936631
United States,Alabama,2010,36401.1190267961
United States,Alabama,2011,34729.5227622342
United States,Alabama,2012,33696.4059115985
United States,Alabama,2013,32844.7545698057
United States,Alabama,2014,33187.9309361263
United States,Alabama,2015,33533.987020731
United States,Alabama,2016,35577.6104868439
United States,Alabama,2017,35041.2715168347
United States,Alabama,2018,34406.7182285277
United States,Alabama,2019,32957.5247633402
United States,Alabama,2020,33419.5724312924
United States,Alabama,2021,34900.9981815472
United States,Alabama,2022,36319.302963994705
United States,Alabama,2023,36199.754160228804
United States,Alaska,1990,13057.97971906262
United States,Alaska,1991,12881.879961068604
United States,Alaska,1992,12635.665115023708
United States,Alaska,1993,12655.041562457858
United States,Alaska,1994,12768.739441447631
United States,Alaska,1995,13150.596568211675
United States,Alaska,1996,13383.873727859542
United States,Alaska,1997,12580.70428770785
United States,Alaska,1998,12493.056127287642
United States,Alaska,1999,12814.8669964566
United States,Alaska,2000,15321.409980820967
United States,Alaska,2001,14380.805303710531
United States,Alaska,2002,12333.365225747106
United States,Alaska,2003,12360.394463439732
United States,Alaska,2004,12695.870378139258
United States,Alaska,2005,12352.07104783829
United States,Alaska,2006,12191.471970253897
United States,Alaska,2007,12249.201740151857
United States,Alaska,2008,12332.663645297036
United States,Alaska,2009,11814.524826231735
United States,Alaska,2010,13398.222710052501
United States,Alaska,2011,12373.360830565862
United States,Alaska,2012,12517.611142986112
United States,Alaska,2013,12044.134511316239
United States,Alaska,2014,12716.606270132912
United States,Alaska,2015,13305.443830480892
United States,Alaska,2016,15505.319582806784
United States,Alaska,2017,13908.673747272525
United States,Alaska,2018,13063.230496097047
United States,Alaska,2019,14306.000919883742
United States,Alaska,2020,15030.391277327302
United States,Alaska,2021,16006.192834894364
United States,Alaska,2022,18833.969118248722
United States,Alaska,2023,16456.706282441457
United States,Arizona,1990,11397.07072497185
United States,Arizona,1991,10770.33375885768
United States,Arizona,1992,10977.46641615633
United States,Arizona,1993,11677.53458320588
United States,Arizona,1994,11971.54140822848
United States,Arizona,1995,9498.925267558061
United States,Arizona,1996,9752.5361047552
United States,Arizona,1997,10733.783064346739
United States,Arizona,1998,11302.70807573895
United States,Arizona,1999,11063.96262216728
United States,Arizona,2000,10815.90629846744
United States,Arizona,2001,10591.64966266092
United States,Arizona,2002,11656.14315975689
United States,Arizona,2003,11609.70986203137
United States,Arizona,2004,11739.15573168766
United States,Arizona,2005,11405.39208091942
United States,Arizona,2006,11250.50273271194
United States,Arizona,2007,11307.33371118104
United States,Arizona,2008,11347.65080893649
United States,Arizona,2009,10874.69830254171
United States,Arizona,2010,11136.18515984399
United States,Arizona,2011,11782.39495389928
United States,Arizona,2012,11765.508093809429
United States,Arizona,2013,12207.39710359681
United States,Arizona,2014,12257.94178885394
United States,Arizona,2015,12191.61117313528
United States,Arizona,2016,12310.98059554527
United States,Arizona,2017,11954.89065387808
United States,Arizona,2018,12665.12757662584
United States,Arizona,2019,12937.99135204161
United States,Arizona,2020,12630.454499774121
United States,Arizona,2021,13269.78233375278
United States,Arizona,2022,13338.53503113439
United States,Arizona,2023,13624.956654049849
United States,Arkansas,1990,23431.283868098
United States,Arkansas,1991,22436.921304482003
United States,Arkansas,1992,22075.394652536
United States,Arkansas,1993,22914.6527647584
United States,Arkansas,1994,23302.866291133698
United States,Arkansas,1995,28304.747018244598
United States,Arkansas,1996,27888.475962643202
United States,Arkansas,1997,26280.5694437543
United States,Arkansas,1998,25985.40131224896
United States,Arkansas,1999,25318.96975975239
United States,Arkansas,2000,28450.490637685813
United States,Arkansas,2001,26373.08241290322
United States,Arkansas,2002,24355.36276776077
United States,Arkansas,2003,24273.419546685138
United States,Arkansas,2004,25735.38309822094
United States,Arkansas,2005,24433.48030976671
United States,Arkansas,2006,24378.99879975727
United States,Arkansas,2007,24052.299067791017
United States,Arkansas,2008,23190.45277443745
United States,Arkansas,2009,20282.87386808126
United States,Arkansas,2010,22800.09955804516
United States,Arkansas,2011,21809.97770991586
United States,Arkansas,2012,21549.458420293722
United States,Arkansas,2013,21010.02603492285
United States,Arkansas,2014,22565.96161557654
United States,Arkansas,2015,22380.12226934464
United States,Arkansas,2016,22389.75836194873
United States,Arkansas,2017,22337.30563158606
United States,Arkansas,2018,22953.18744821784
United States,Arkansas,2019,22678.98488732192
United States,Arkansas,2020,22502.949645575532
United States,Arkansas,2021,23031.60268987343
United States,Arkansas,2022,23282.77445802676
United States,Arkansas,2023,23073.616510565527
United States,California,1990,121985.91500794832
United States,California,1991,115946.90905027225
United States,California,1992,118151.58610237273
United States,California,1993,120431.05004071575
United States,California,1994,123151.71874213648
United States,California,1995,111858.36792013283
United States,California,1996,115006.5425016702
United States,California,1997,122829.4561053575
United States,California,1998,123739.2044896269
United States,California,1999,121545.6685350836
United States,California,2000,119699.6830143308
United States,California,2001,117290.7970562529
United States,California,2002,122649.93007248067
United States,California,2003,120743.68376983548
United States,California,2004,123662.72425934914
United States,California,2005,121466.66456441031
United States,California,2006,122575.96506611395
United States,California,2007,121681.88535714181
United States,California,2008,116757.29439611614
United States,California,2009,106081.3593754236
United States,California,2010,108917.9237845582
United States,California,2011,105517.9121435083
United States,California,2012,106401.72909611014
United States,California,2013,107509.28801800986
United States,California,2014,109158.49006590794
United States,California,2015,107257.71337903151
United States,California,2016,107315.23557243205
United States,California,2017,105784.00929618823
United States,California,2018,108378.65594794607
United States,California,2019,109683.17424444799
United States,California,2020,106709.25926776687
United States,California,2021,111976.5534955186
United States,California,2022,113424.53394565401
United States,California,2023,112465.62889949628
United States,Colorado,1990,27221.28092888599
United States,Colorado,1991,25046.849345139282
United States,Colorado,1992,24842.50475461404
United States,Colorado,1993,24934.58862086179
United States,Colorado,1994,25227.1284867855
United States,Colorado,1995,23434.167121386898
United States,Colorado,1996,24876.64440252765
United States,Colorado,1997,26002.48705916135
United States,Colorado,1998,26058.65834342978
United States,Colorado,1999,26810.5751542021
United States,Colorado,2000,26699.33717838223
United States,Colorado,2001,25971.594165753082
United States,Colorado,2002,25431.54983535444
United States,Colorado,2003,24785.42799363665
United States,Colorado,2004,25268.17405053841
United States,Colorado,2005,24125.12791340719
United States,Colorado,2006,23889.37668945578
United States,Colorado,2007,23681.76376851791
United States,Colorado,2008,23807.80379704054
United States,Colorado,2009,21546.75228091783
United States,Colorado,2010,22022.23468865896
United States,Colorado,2011,22676.48540878624
United States,Colorado,2012,22165.99055727276
United States,Colorado,2013,22989.37157185874
United States,Colorado,2014,21758.018461218762
United States,Colorado,2015,21019.94020514572
United States,Colorado,2016,18256.718394258278
United States,Colorado,2017,18629.24794763492
United States,Colorado,2018,19597.15496906144
United States,Colorado,2019,18698.7034568403
United States,Colorado,2020,17547.96661279361
United States,Colorado,2021,18931.918797799688
United States,Colorado,2022,19246.34318710906
United States,Colorado,2023,19158.62960428336
United States,Connecticut,1990,4547.224819486123
United States,Connecticut,1991,4273.642410089192
United States,Connecticut,1992,4365.529300448926
United States,Connecticut,1993,4401.393754794267
United States,Connecticut,1994,4513.471670116665
United States,Connecticut,1995,3406.635951733258
United States,Connecticut,1996,3506.012374509671
United States,Connecticut,1997,3898.7104707197104
United States,Connecticut,1998,3904.477516118004
United States,Connecticut,1999,3781.653522798837
United States,Connecticut,2000,3676.4699441601642
United States,Connecticut,2001,3638.479038164306
United States,Connecticut,2002,4083.70266676567
United States,Connecticut,2003,3886.937963935634
United States,Connecticut,2004,3921.5779529660686
United States,Connecticut,2005,3808.641750170398
United States,Connecticut,2006,3756.86003321147
United States,Connecticut,2007,3767.562580922772
United States,Connecticut,2008,3618.582879677592
United States,Connecticut,2009,3443.603564939087
United States,Connecticut,2010,3498.3399113646083
United States,Connecticut,2011,3620.509211890168
United States,Connecticut,2012,3598.910259867768
United States,Connecticut,2013,3595.028468346568
United States,Connecticut,2014,3633.6483423936097
United States,Connecticut,2015,3613.2503785000445
United States,Connecticut,2016,3664.827989994629
United States,Connecticut,2017,3589.366143345249
United States,Connecticut,2018,3642.558888203849
United States,Connecticut,2019,3687.611406405975
United States,Connecticut,2020,3657.557684189272
United States,Connecticut,2021,3863.2099966388196
United States,Connecticut,2022,3887.240646784226
United States,Connecticut,2023,3865.872341637605
United States,Delaware,1990,7669.470607075407
United States,Delaware,1991,7479.18251100589
United States,Delaware,1992,7654.266734756431
United States,Delaware,1993,7766.585702672711
United States,Delaware,1994,7834.650878704788
United States,Delaware,1995,7297.408844704372
United States,Delaware,1996,7501.155950294084
United States,Delaware,1997,7737.280861416037
United States,Delaware,1998,7945.168450425252
United States,Delaware,1999,7704.033966274203
United States,Delaware,2000,7726.551959697205
United States,Delaware,2001,7539.63792554129
United States,Delaware,2002,7458.2055161168155
United States,Delaware,2003,7495.578328635888
United States,Delaware,2004,7384.9027964887155
United States,Delaware,2005,7237.432119855834
United States,Delaware,2006,7470.07151766552
United States,Delaware,2007,7338.062174291247
United States,Delaware,2008,7187.511653835665
United States,Delaware,2009,6895.373242031716
United States,Delaware,2010,6994.4324961281945
United States,Delaware,2011,5653.83338977739
United States,Delaware,2012,5702.241783103857
United States,Delaware,2013,5834.826163035409
United States,Delaware,2014,5877.535813639994
United States,Delaware,2015,5770.444312111735
United States,Delaware,2016,5978.297111138431
United States,Delaware,2017,5925.957450492332
United States,Delaware,2018,6020.749195290031
United States,Delaware,2019,5998.11392156009
United States,Delaware,2020,5704.735386590241
United States,Delaware,2021,5914.471870733118
United States,Delaware,2022,6029.727440363461
United States,Delaware,2023,6071.682918946923
United States,District of Columbia,1990,407.2379397936104
United States,District of Columbia,1991,381.8033884866694
United States,District of Columbia,1992,391.73724598681656
United States,District of Columbia,1993,383.8113357506154
United States,District of Columbia,1994,393.9283364123305
United States,District of Columbia,1995,290.7431317495596
United States,District of Columbia,1996,298.9796783042889
United States,District of Columbia,1997,334.4230781093517
United States,District of Columbia,1998,325.2539244720026
United States,District of Columbia,1999,314.36875938762694
United States,District of Columbia,2000,303.7986791549955
United States,District of Columbia,2001,301.2597512434244
United States,District of Columbia,2002,338.44671317389333
United States,District of Columbia,2003,317.8327326288087
United States,District of Columbia,2004,320.0992944883812
United States,District of Columbia,2005,311.0634599111762
United States,District of Columbia,2006,305.8068472539915
United States,District of Columbia,2007,306.97343858654
United States,District of Columbia,2008,291.26833726574694
United States,District of Columbia,2009,276.89907966131864
United States,District of Columbia,2010,281.1270266196452
United States,District of Columbia,2011,289.1061311443256
United States,District of Columbia,2012,287.4442435316651
United States,District of Columbia,2013,284.7285686748136
United States,District of Columbia,2014,288.30308932164337
United States,District of Columbia,2015,286.3066637569632
United States,District of Columbia,2016,290.9046978519621
United States,District of Columbia,2017,285.44264022535407
United States,District of Columbia,2018,288.7722296684501
United States,District of Columbia,2019,291.6915420719809
United States,District of Columbia,2020,290.21125664898483
United States,District of Columbia,2021,306.3985985535352
United States,District of Columbia,2022,308.3155619652524
United States,District of Columbia,2023,300.2174213790784
United States,Florida,1990,34441.7983941183
United States,Florida,1991,32385.3363951923
United States,Florida,1992,31874.0623875136
United States,Florida,1993,33457.0707447545
United States,Florida,1994,34282.8599007168
United States,Florida,1995,29566.116072948298
United States,Florida,1996,30198.8608436527
United States,Florida,1997,31148.9314844012
United States,Florida,1998,31102.46971843544
United States,Florida,1999,30231.20729887377
United States,Florida,2000,30336.93070971933
United States,Florida,2001,29779.404234587848
United States,Florida,2002,32863.68908001138
United States,Florida,2003,32100.52774219139
United States,Florida,2004,32496.79323430494
United States,Florida,2005,31588.88036743838
United States,Florida,2006,31421.89184905657
United States,Florida,2007,31359.575052514258
United States,Florida,2008,30520.069444728302
United States,Florida,2009,28716.228986706552
United States,Florida,2010,29519.120885132572
United States,Florida,2011,29769.32305441326
United States,Florida,2012,29310.34629559323
United States,Florida,2013,29788.193311755982
United States,Florida,2014,30144.42878310357
United States,Florida,2015,29891.51939277067
United States,Florida,2016,30211.151052120462
United States,Florida,2017,29657.136501022644
United States,Florida,2018,30396.033640510483
United States,Florida,2019,30773.70008786428
United States,Florida,2020,30856.457798341507
United States,Florida,2021,32719.87348477791
United States,Florida,2022,32991.07699557813
United States,Florida,2023,33321.63108361442
United States,Georgia,1990,39311.5497022368
United States,Georgia,1991,37765.7222380441
United States,Georgia,1992,35510.5963865203
United States,Georgia,1993,37189.2441901938
United States,Georgia,1994,37739.0480524446
United States,Georgia,1995,38023.5294404614
United States,Georgia,1996,38656.3819360316
United States,Georgia,1997,37674.8796440882
United States,Georgia,1998,38514.9524672022
United States,Georgia,1999,38880.3742861581
United States,Georgia,2000,45761.8092540401
United States,Georgia,2001,42913.5554201337
United States,Georgia,2002,40513.7843929661
United States,Georgia,2003,39988.0916814612
United States,Georgia,2004,41498.365740872
United States,Georgia,2005,40103.8694521669
United States,Georgia,2006,38506.60739358
United States,Georgia,2007,38648.0799527871
United States,Georgia,2008,38129.6362055802
United States,Georgia,2009,35802.9283166999
United States,Georgia,2010,40415.1059788739
United States,Georgia,2011,38534.298810316104
United States,Georgia,2012,37929.7280961069
United States,Georgia,2013,37911.345321485904
United States,Georgia,2014,38534.5676950882
United States,Georgia,2015,39972.0218096982
United States,Georgia,2016,40384.2909412344
United States,Georgia,2017,39759.5563452747
United States,Georgia,2018,41195.853595282
United States,Georgia,2019,40853.3254353461
United States,Georgia,2020,42129.5276750242
United States,Georgia,2021,43007.6412076809
United States,Georgia,2022,44544.3151888251
United States,Georgia,2023,45108.0678169228
United States,Hawaii,1990,3080.39539748586
United States,Hawaii,1991,2970.7551957002097
United States,Hawaii,1992,3042.062757892767
United States,Hawaii,1993,2989.977447800638
United States,Hawaii,1994,3029.191830485857
United States,Hawaii,1995,2669.703339005662
United States,Hawaii,1996,2745.7293545603807
United States,Hawaii,1997,2883.431146886906
United States,Hawaii,1998,2865.4973685181662
United States,Hawaii,1999,2776.417437683302
United States,Hawaii,2000,2764.319864044669
United States,Hawaii,2001,2707.009991243074
United States,Hawaii,2002,2751.1734207318837
United States,Hawaii,2003,2713.244304231553
United States,Hawaii,2004,2686.8314337474703
United States,Hawaii,2005,2628.1362589834034
United States,Hawaii,2006,2687.27271919134
United States,Hawaii,2007,2651.796664131242
United States,Hawaii,2008,2570.9895411620764
United States,Hawaii,2009,2463.0950699425243
United States,Hawaii,2010,2498.4910349026177
United States,Hawaii,2011,2132.2951078593023
United States,Hawaii,2012,2143.7130670209303
United States,Hawaii,2013,2204.762581298268
United States,Hawaii,2014,2226.067308043248
United States,Hawaii,2015,2193.249300254229
United States,Hawaii,2016,2262.32322195411
United States,Hawaii,2017,2240.148439951539
United States,Hawaii,2018,2450.2341339287
United States,Hawaii,2019,2455.229590430675
United States,Hawaii,2020,2369.214170845058
United States,Hawaii,2021,2469.292851779712
United States,Hawaii,2022,2509.0606598629747
United States,Hawaii,2023,2477.211883509976
United States,Idaho,1990,3764.455152096019
United States,Idaho,1991,3603.018525809495
United States,Idaho,1992,3545.154178620631
United States,Idaho,1993,3814.288695847753
United States,Idaho,1994,3877.559046526404
United States,Idaho,1995,3638.852417026463
United States,Idaho,1996,3720.334698216577
United States,Idaho,1997,3891.536448145489
United States,Idaho,1998,4062.2849078355366
United States,Idaho,1999,4063.893837471811
United States,Idaho,2000,4247.218047568289
United States,Idaho,2001,4065.3388414894134
United States,Idaho,2002,4147.256223178768
United States,Idaho,2003,4058.65787581032
United States,Idaho,2004,4164.808900634519
United States,Idaho,2005,4020.266363427419
United States,Idaho,2006,3967.930871191405
United States,Idaho,2007,3974.549795062707
United States,Idaho,2008,3899.253991870773
United States,Idaho,2009,3697.233662677406
United States,Idaho,2010,3869.905399130159
United States,Idaho,2011,4172.358902584713
United States,Idaho,2012,4186.885401544857
United States,Idaho,2013,4218.361048679896
United States,Idaho,2014,4204.052904966637
United States,Idaho,2015,4242.1000951471815
United States,Idaho,2016,4237.148667188459
United States,Idaho,2017,4049.3875430654953
United States,Idaho,2018,4405.967340475027
United States,Idaho,2019,4484.173087710915
United States,Idaho,2020,4390.195264732776
United States,Idaho,2021,4593.232291140914
United States,Idaho,2022,4664.8402865195385
United States,Idaho,2023,4723.790445521162
United States,Illinois,1990,61625.72212667141
United States,Illinois,1991,57877.597101742904
United States,Illinois,1992,57084.457378786974
United States,Illinois,1993,57724.51103019784
United States,Illinois,1994,58784.37976968037
United States,Illinois,1995,53178.070289728494
United States,Illinois,1996,53040.36983702055
United States,Illinois,1997,55308.37027588551
United States,Illinois,1998,57140.935289519446
United States,Illinois,1999,54892.585367533175
United States,Illinois,2000,56538.568931596514
United States,Illinois,2001,53938.37823052466
United States,Illinois,2002,54817.90810878999
United States,Illinois,2003,54994.73438764342
United States,Illinois,2004,56289.1269170176
United States,Illinois,2005,62487.7636977243
United States,Illinois,2006,61882.11396072169
United States,Illinois,2007,60900.908126532886
United States,Illinois,2008,59746.04386004911
United States,Illinois,2009,54810.18728309237
United States,Illinois,2010,57405.444490668146
United States,Illinois,2011,59430.667516389236
United States,Illinois,2012,60715.91030859135
United States,Illinois,2013,59853.952963616684
United States,Illinois,2014,62768.5312601693
United States,Illinois,2015,61533.43380410233
United States,Illinois,2016,58820.4286700339
United States,Illinois,2017,58375.10818409003
United States,Illinois,2018,59479.161607615824
United States,Illinois,2019,59342.05095664934
United States,Illinois,2020,54924.85151202929
United States,Illinois,2021,61430.05199070661
United States,Illinois,2022,61805.40059737448
United States,Illinois,2023,61401.00732568497
United States,Indiana,1990,71889.82981739746
United States,Indiana,1991,66913.59699967442
United States,Indiana,1992,60060.87047633102
United States,Indiana,1993,60685.3470178266
United States,Indiana,1994,62336.583228362455
United States,Indiana,1995,72509.24533510527
United States,Indiana,1996,70559.48406606288
United States,Indiana,1997,73068.57837057693
United States,Indiana,1998,77033.97963472836
United States,Indiana,1999,69887.92270782663
United States,Indiana,2000,75814.55285701809
United States,Indiana,2001,68752.98253735912
United States,Indiana,2002,72966.31824679064
United States,Indiana,2003,72049.43496963324
United States,Indiana,2004,77782.81569416032
United States,Indiana,2005,68403.80827304172
United States,Indiana,2006,70545.30495755357
United States,Indiana,2007,68373.01482747302
United States,Indiana,2008,66678.18706102468
United States,Indiana,2009,50258.182695684714
United States,Indiana,2010,59502.58846728191
United States,Indiana,2011,59857.05067676803
United States,Indiana,2012,59508.31832841512
United States,Indiana,2013,60222.49910565774
United States,Indiana,2014,63391.498377738855
United States,Indiana,2015,59410.39350726736
United States,Indiana,2016,57061.07150498572
United States,Indiana,2017,57069.042049793024
United States,Indiana,2018,59094.89092356591
United States,Indiana,2019,58861.20677592873
United States,Indiana,2020,52941.11004062342
United States,Indiana,2021,56326.09090031243
United States,Indiana,2022,55559.10140900586
United States,Indiana,2023,54316.5410658915
United States,Iowa,1990,31216.2319088575
United States,Iowa,1991,30318.0144345931
United States,Iowa,1992,29340.1941013835
United States,Iowa,1993,29716.4148242517
United States,Iowa,1994,30114.6706435613
United States,Iowa,1995,30006.686435287404
United States,Iowa,1996,30745.897156922398
United States,Iowa,1997,29128.795151881
United States,Iowa,1998,28861.2270328632
United States,Iowa,1999,29848.7464586266
United States,Iowa,2000,37100.6050285306
United States,Iowa,2001,33759.9380590394
United States,Iowa,2002,28420.4961146166
United States,Iowa,2003,28249.1702374958
United States,Iowa,2004,29558.7435735082
United States,Iowa,2005,28640.8927148218
United States,Iowa,2006,26849.2218036341
United States,Iowa,2007,27205.759975992903
United States,Iowa,2008,27007.723445650598
United States,Iowa,2009,25128.1810932107
United States,Iowa,2010,30514.7986721808
United States,Iowa,2011,28865.6759454745
United States,Iowa,2012,28666.9804999382
United States,Iowa,2013,28346.6261783285
United States,Iowa,2014,28818.974487498403
United States,Iowa,2015,30955.5078618209
United States,Iowa,2016,31512.782084213202
United States,Iowa,2017,31202.5821671534
United States,Iowa,2018,32846.7288884859
United States,Iowa,2019,32471.7458120837
United States,Iowa,2020,32981.9921187101
United States,Iowa,2021,32281.2787293242
United States,Iowa,2022,34077.4551193293
United States,Iowa,2023,34289.9060190519
United States,Kansas,1990,17668.04606340122
United States,Kansas,1991,16922.88084740609
United States,Kansas,1992,17144.84094034962
United States,Kansas,1993,17514.381679874412
United States,Kansas,1994,17989.31949246592
United States,Kansas,1995,17925.2498303477
United States,Kansas,1996,18299.41197572555
United States,Kansas,1997,19364.29365891972
United States,Kansas,1998,19466.381456330608
United States,Kansas,1999,19437.07559771896
United States,Kansas,2000,19385.959637236512
United States,Kansas,2001,18984.82363189353
United States,Kansas,2002,19600.96383130907
United States,Kansas,2003,19406.66438410098
United States,Kansas,2004,20243.50913265942
United States,Kansas,2005,20036.129025721842
United States,Kansas,2006,20362.75952818963
United States,Kansas,2007,20165.81388661859
United States,Kansas,2008,19291.179967258242
United States,Kansas,2009,17124.94334608777
United States,Kansas,2010,17657.90149515586
United States,Kansas,2011,17032.95014100659
United States,Kansas,2012,17252.32532146063
United States,Kansas,2013,17576.54637247871
United States,Kansas,2014,18133.47453341002
United States,Kansas,2015,17748.83244510263
United States,Kansas,2016,17535.17729533733
United States,Kansas,2017,17372.13181621585
United States,Kansas,2018,17832.0210521492
United States,Kansas,2019,17975.526816861122
United States,Kansas,2020,17319.499822439102
United States,Kansas,2021,18066.121468581772
United States,Kansas,2022,18281.69445031412
United States,Kansas,2023,18327.951948345268
United States,Kentucky,1990,21396.621351389796
United States,Kentucky,1991,20054.5179127329
United States,Kentucky,1992,19526.360283479004
United States,Kentucky,1993,19645.35824568537
United States,Kentucky,1994,19500.138897109668
United States,Kentucky,1995,22297.784912816995
United States,Kentucky,1996,21971.33557773967
United States,Kentucky,1997,23032.9553850892
United States,Kentucky,1998,23465.415403559826
United States,Kentucky,1999,23019.32782131801
United States,Kentucky,2000,23044.16096542859
United States,Kentucky,2001,24837.120733203537
United States,Kentucky,2002,23167.984264532373
United States,Kentucky,2003,22685.203081624168
United States,Kentucky,2004,23170.513364896484
United States,Kentucky,2005,21810.647290474277
United States,Kentucky,2006,21519.523030767756
United States,Kentucky,2007,21389.757688537426
United States,Kentucky,2008,20821.159145619436
United States,Kentucky,2009,23263.719791191812
United States,Kentucky,2010,23128.47373010557
United States,Kentucky,2011,23347.7880264435
United States,Kentucky,2012,22385.232254826107
United States,Kentucky,2013,21564.1872713823
United States,Kentucky,2014,21698.794952716886
United States,Kentucky,2015,21107.152253529377
United States,Kentucky,2016,19626.526677250262
United States,Kentucky,2017,19511.83568078308
United States,Kentucky,2018,20487.45300299029
United States,Kentucky,2019,20660.91521355011
United States,Kentucky,2020,18367.339447813836
United States,Kentucky,2021,21513.704513643457
United States,Kentucky,2022,21718.67784742742
United States,Kentucky,2023,21682.054399773493
United States,Louisiana,1990,85451.19575808
United States,Louisiana,1991,83887.1721132681
United States,Louisiana,1992,81144.38064402729
United States,Louisiana,1993,81504.3529557235
United States,Louisiana,1994,82106.3746600693
United States,Louisiana,1995,85980.0775170502
United States,Louisiana,1996,87622.431031808
United States,Louisiana,1997,82562.0843102903
United States,Louisiana,1998,82316.6420474887
United States,Louisiana,1999,83950.1545648444
United States,Louisiana,2000,100287.6914731147
United States,Louisiana,2001,93532.87703122791
United States,Louisiana,2002,82148.058995715
United States,Louisiana,2003,81932.28311744549
United States,Louisiana,2004,83956.0330385936
United States,Louisiana,2005,81761.8489087703
United States,Louisiana,2006,80029.2978993273
United States,Louisiana,2007,79754.76104162469
United States,Louisiana,2008,78893.3124276811
United States,Louisiana,2009,75168.6964300965
United States,Louisiana,2010,85334.2533066884
United States,Louisiana,2011,73668.93667483071
United States,Louisiana,2012,73401.5693645086
United States,Louisiana,2013,73221.300386971
United States,Louisiana,2014,74760.3612034923
United States,Louisiana,2015,77832.24940183031
United States,Louisiana,2016,83374.2477646652
United States,Louisiana,2017,79816.4814320129
United States,Louisiana,2018,81648.04206923531
United States,Louisiana,2019,79581.41034426249
United States,Louisiana,2020,80662.2394115435
United States,Louisiana,2021,79796.14425232279
United States,Louisiana,2022,84607.4079887188
United States,Louisiana,2023,85075.910658341
United States,Maine,1990,3575.966894478611
United States,Maine,1991,3433.556644815772
United States,Maine,1992,2816.512921679599
United States,Maine,1993,2952.797364339616
United States,Maine,1994,2929.894392766294
United States,Maine,1995,4146.010375062189
United States,Maine,1996,4218.696865809677
United States,Maine,1997,4276.5487593644575
United States,Maine,1998,4216.98302165156
United States,Maine,1999,4145.6036330301085
United States,Maine,2000,4670.153117394786
United States,Maine,2001,4492.587405498469
United States,Maine,2002,4737.3377622418
United States,Maine,2003,4642.242391606663
United States,Maine,2004,4813.367712358992
United States,Maine,2005,4603.921603817378
United States,Maine,2006,4601.441971987519
United States,Maine,2007,4467.493169429011
United States,Maine,2008,4231.87329956944
United States,Maine,2009,3933.6750617311454
United States,Maine,2010,4088.240084425814
United States,Maine,2011,3829.9376813886756
United States,Maine,2012,3645.25541697936
United States,Maine,2013,3552.8446886891034
United States,Maine,2014,3582.164469928448
United States,Maine,2015,3535.1390174545895
United States,Maine,2016,3480.271821504352
United States,Maine,2017,3382.572872876347
United States,Maine,2018,3352.783461122309
United States,Maine,2019,3295.5483236835903
United States,Maine,2020,3640.5047403832586
United States,Maine,2021,4027.637263114477
United States,Maine,2022,4091.809369464335
United States,Maine,2023,4084.2941026311937
United States,Maryland,1990,12721.350283669088
United States,Maryland,1991,12110.88286075532
United States,Maryland,1992,12183.31952847013
United States,Maryland,1993,12404.26134175605
United States,Maryland,1994,12618.454447606171
United States,Maryland,1995,10522.736003573867
United States,Maryland,1996,10739.282382405132
United States,Maryland,1997,11514.876079305152
United States,Maryland,1998,12024.552664794257
United States,Maryland,1999,11687.943769295685
United States,Maryland,2000,11113.357425803017
United States,Maryland,2001,10143.738504580606
United States,Maryland,2002,11425.491643570513
United States,Maryland,2003,10847.692483332205
United States,Maryland,2004,11128.418912505149
United States,Maryland,2005,10437.363702346847
United States,Maryland,2006,10161.629861752735
United States,Maryland,2007,10483.212882483993
United States,Maryland,2008,9840.194741723255
United States,Maryland,2009,8842.648294976083
United States,Maryland,2010,9124.382054407026
United States,Maryland,2011,9393.36766244631
United States,Maryland,2012,9310.05374431943
United States,Maryland,2013,9606.545936751747
United States,Maryland,2014,9745.663446518167
United States,Maryland,2015,9839.604679132708
United States,Maryland,2016,9605.442602795029
United States,Maryland,2017,9419.393899167862
United States,Maryland,2018,9720.82001911984
United States,Maryland,2019,9877.033165352665
United States,Maryland,2020,9639.997997328503
United States,Maryland,2021,10336.085537513223
United States,Maryland,2022,10623.725948737792
United States,Maryland,2023,10767.589049556345
United States,Massachusetts,1990,8886.6519606212
United States,Massachusetts,1991,8346.315802177252
United States,Massachusetts,1992,8487.540397918025
United States,Massachusetts,1993,8502.538068557684
United States,Massachusetts,1994,8714.069643878014
United States,Massachusetts,1995,6682.229442251268
United States,Massachusetts,1996,6874.407853874289
United States,Massachusetts,1997,7630.833211493482
United States,Massachusetts,1998,7588.804230239502
United States,Massachusetts,1999,7355.223721543422
United States,Massachusetts,2000,7185.07180272825
United States,Massachusetts,2001,7097.599927678575
United States,Massachusetts,2002,7936.214494641345
United States,Massachusetts,2003,7536.208228188164
United States,Massachusetts,2004,7607.555990039002
United States,Massachusetts,2005,7384.280645995624
United States,Massachusetts,2006,7276.752114083096
United States,Massachusetts,2007,7289.390290054403
United States,Massachusetts,2008,6973.256606012094
United States,Massachusetts,2009,6623.8697481824
United States,Massachusetts,2010,6736.59330324093
United States,Massachusetts,2011,6910.591680397842
United States,Massachusetts,2012,6858.960174891068
United States,Massachusetts,2013,6838.390697973393
United States,Massachusetts,2014,6918.388085121624
United States,Massachusetts,2015,6870.97133148247
United States,Massachusetts,2016,6967.284937258039
United States,Massachusetts,2017,6830.870193768806
United States,Massachusetts,2018,6956.251211727034
United States,Massachusetts,2019,7023.2068726543
United States,Massachusetts,2020,7010.444820072894
United States,Massachusetts,2021,7422.9469827757275
United States,Massachusetts,2022,7468.360599469238
United States,Massachusetts,2023,7390.074621322028
United States,Michigan,1990,38081.90214358963
United States,Michigan,1991,35634.58297702491
United States,Michigan,1992,33764.83193543319
United States,Michigan,1993,34517.66485749169
United States,Michigan,1994,35547.88796599162
United States,Michigan,1995,35448.91648311869
United States,Michigan,1996,34510.23942521514
United States,Michigan,1997,36388.31508447592
United States,Michigan,1998,37830.07104837049
United States,Michigan,1999,35639.90452873271
United States,Michigan,2000,36106.71239922326
United States,Michigan,2001,33996.18904009545
United States,Michigan,2002,36640.37635890206
United States,Michigan,2003,35833.40686492742
United States,Michigan,2004,37471.26113660993
United States,Michigan,2005,34618.61657862268
United States,Michigan,2006,35061.13189547426
United States,Michigan,2007,34533.19072115454
United States,Michigan,2008,33448.724671810814
United States,Michigan,2009,28053.5116880772
United States,Michigan,2010,30775.57413236322
United States,Michigan,2011,31174.08365097313
United States,Michigan,2012,31047.65073044392
United States,Michigan,2013,30796.055974543517
United States,Michigan,2014,31235.06360964114
United States,Michigan,2015,30358.148458576088
United States,Michigan,2016,29601.56244856782
United States,Michigan,2017,29376.939388453582
United States,Michigan,2018,30199.519535975138
United States,Michigan,2019,30300.45983533044
United States,Michigan,2020,29030.99528964904
United States,Michigan,2021,28330.53054682312
United States,Michigan,2022,28731.8812867961
United States,Michigan,2023,28750.75526159664
United States,Minnesota,1990,17749.544598834458
United States,Minnesota,1991,16981.93340809428
United States,Minnesota,1992,16633.13767483208
United States,Minnesota,1993,17287.01077995055
United States,Minnesota,1994,17878.75160909747
United States,Minnesota,1995,16759.94426029141
United States,Minnesota,1996,17106.182445318882
United States,Minnesota,1997,18099.36452911275
United States,Minnesota,1998,18564.04652761549
United States,Minnesota,1999,18033.80339377163
United States,Minnesota,2000,18422.6043546835
United States,Minnesota,2001,17914.29790520307
United States,Minnesota,2002,18931.307172256522
United States,Minnesota,2003,18619.57490431418
United States,Minnesota,2004,18827.39900706174
United States,Minnesota,2005,18206.94385927703
United States,Minnesota,2006,18240.33962422605
United States,Minnesota,2007,18032.09022376519
United States,Minnesota,2008,17532.17979492476
United States,Minnesota,2009,16581.19109108625
United States,Minnesota,2010,17023.49221751057
United States,Minnesota,2011,16143.41201576502
United States,Minnesota,2012,15917.72202156299
United States,Minnesota,2013,16067.60046751583
United States,Minnesota,2014,16203.70280528015
United States,Minnesota,2015,16019.75772510315
United States,Minnesota,2016,16226.822658707919
United States,Minnesota,2017,15940.242732355591
United States,Minnesota,2018,16310.91551889408
United States,Minnesota,2019,16262.03566828905
United States,Minnesota,2020,16367.81750738881
United States,Minnesota,2021,17185.703595661398
United States,Minnesota,2022,17372.94009718789
United States,Minnesota,2023,17465.030746290548
United States,Mississippi,1990,53342.2555510352
United States,Mississippi,1991,51475.756614288
United States,Mississippi,1992,49861.208965414495
United States,Mississippi,1993,50934.392428898704
United States,Mississippi,1994,52172.3072857381
United States,Mississippi,1995,63667.485072031
United States,Mississippi,1996,64698.2514554128
United States,Mississippi,1997,63997.365507231996
United States,Mississippi,1998,63353.3908708758
United States,Mississippi,1999,65161.6711648308
United States,Mississippi,2000,72444.3324991433
United States,Mississippi,2001,69086.5927702581
United States,Mississippi,2002,64396.1725793051
United States,Mississippi,2003,64265.4912624064
United States,Mississippi,2004,69252.4723498513
United States,Mississippi,2005,68662.8203160291
United States,Mississippi,2006,69143.5029655037
United States,Mississippi,2007,69915.6926743387
United States,Mississippi,2008,66412.2612082383
United States,Mississippi,2009,56239.3404129279
United States,Mississippi,2010,62379.9059306315
United States,Mississippi,2011,58227.9497969634
United States,Mississippi,2012,59172.3069636462
United States,Mississippi,2013,59296.2700127076
United States,Mississippi,2014,62613.0433701199
United States,Mississippi,2015,62141.8034631836
United States,Mississippi,2016,61777.1132670968
United States,Mississippi,2017,61330.1258245637
United States,Mississippi,2018,62174.016276548195
United States,Mississippi,2019,62222.818114397196
United States,Mississippi,2020,60519.913469444
United States,Mississippi,2021,62249.007257326404
United States,Mississippi,2022,64431.4759363304
United States,Mississippi,2023,64174.521754410904
United States,Missouri,1990,17692.53209180426
United States,Missouri,1991,16742.12725209495
United States,Missouri,1992,16996.15465789123
United States,Missouri,1993,17436.17445684079
United States,Missouri,1994,17909.96060924456
United States,Missouri,1995,16544.0801435715
United States,Missouri,1996,16911.61526089822
United States,Missouri,1997,18208.55493875371
United States,Missouri,1998,18370.16805352446
United States,Missouri,1999,18347.82677262807
United States,Missouri,2000,18258.608551152618
United States,Missouri,2001,17656.25342857048
United States,Missouri,2002,18296.647689758312
United States,Missouri,2003,17862.21556449873
United States,Missouri,2004,18459.70309573171
United States,Missouri,2005,18106.09911265595
United States,Missouri,2006,18018.30709971921
United States,Missouri,2007,18116.7262330269
United States,Missouri,2008,17415.17628093182
United States,Missouri,2009,15809.437071361941
United States,Missouri,2010,16356.71853969116
United States,Missouri,2011,16813.41266166733
United States,Missouri,2012,17021.15100198842
United States,Missouri,2013,17130.74066498143
United States,Missouri,2014,17366.22188707294
United States,Missouri,2015,17115.392902014442
United States,Missouri,2016,17004.798758734338
United States,Missouri,2017,16692.214319997198
United States,Missouri,2018,17213.91430628229
United States,Missouri,2019,17475.75823473556
United States,Missouri,2020,16989.45419285201
United States,Missouri,2021,17819.23747712343
United States,Missouri,2022,18008.45941532469
United States,Missouri,2023,17961.665827221128
United States,Montana,1990,22302.475427895606
United States,Montana,1991,20049.47888383048
United States,Montana,1992,19937.030904053412
United States,Montana,1993,19393.95823271952
United States,Montana,1994,19145.718910381336
United States,Montana,1995,18676.172655351318
United States,Montana,1996,18113.428442692006
United States,Montana,1997,18844.6554998495
United States,Montana,1998,18425.9871492025
United States,Montana,1999,17479.123483486466
United States,Montana,2000,16679.827929675343
United States,Montana,2001,16818.314866014563
United States,Montana,2002,16377.197281736657
United States,Montana,2003,15824.699368749529
United States,Montana,2004,15940.15543430272
United States,Montana,2005,15197.99847628009
United States,Montana,2006,15398.943447058775
United States,Montana,2007,15210.459203894212
United States,Montana,2008,15173.459781803283
United States,Montana,2009,13509.911168203282
United States,Montana,2010,13115.006084373003
United States,Montana,2011,13726.439310319302
United States,Montana,2012,13262.865147492039
United States,Montana,2013,11655.011708625862
United States,Montana,2014,11059.925949306722
United States,Montana,2015,10712.971391041678
United States,Montana,2016,8972.407139938137
United States,Montana,2017,8827.296294050788
United States,Montana,2018,10008.836122006547
United States,Montana,2019,10279.99583460397
United States,Montana,2020,8833.854108794505
United States,Montana,2021,9066.242341877462
United States,Montana,2022,10143.577648658378
United States,Montana,2023,9367.027971382437
United States,Nebraska,1990,8499.16542240932
United States,Nebraska,1991,8098.7989904878605
United States,Nebraska,1992,7965.94814286383
United States,Nebraska,1993,8185.82778708966
United States,Nebraska,1994,8397.60439230856
United States,Nebraska,1995,7644.67158984937
United States,Nebraska,1996,7676.58838616355
United States,Nebraska,1997,8119.7643220465
United States,Nebraska,1998,8343.78561336334
United States,Nebraska,1999,8064.16634660938
United States,Nebraska,2000,8188.29067324784
United States,Nebraska,2001,7823.585435044761
United States,Nebraska,2002,8049.96790661914
United States,Nebraska,2003,7918.778782307791
United States,Nebraska,2004,8156.2812588281095
United States,Nebraska,2005,7855.91197028173
United States,Nebraska,2006,7832.605387171259
United States,Nebraska,2007,7860.25665026292
United States,Nebraska,2008,7647.2697656028095
United States,Nebraska,2009,6991.65620102213
United States,Nebraska,2010,7434.44126976184
United States,Nebraska,2011,7479.96505139781
United States,Nebraska,2012,7447.198635094201
United States,Nebraska,2013,7590.66305043841
United States,Nebraska,2014,7696.92862021195
United States,Nebraska,2015,7611.04366792421
United States,Nebraska,2016,7688.70402478952
United States,Nebraska,2017,7629.59524755384
United States,Nebraska,2018,7869.52293910162
United States,Nebraska,2019,7906.33498014835
United States,Nebraska,2020,7797.65526815869
United States,Nebraska,2021,8057.71705973493
United States,Nebraska,2022,8108.73813887093
United States,Nebraska,2023,8119.2213900374
United States,Nevada,1990,4082.04176737195
United States,Nevada,1991,3866.7902771234303
United States,Nevada,1992,3942.33782993585
United States,Nevada,1993,4513.34012545675
United States,Nevada,1994,4627.1456198773
United States,Nevada,1995,3852.73388909492
United States,Nevada,1996,3945.86640091742
United States,Nevada,1997,4316.87719052498
United States,Nevada,1998,4817.72754803558
United States,Nevada,1999,4758.53741965124
United States,Nevada,2000,4664.48588427517
United States,Nevada,2001,4524.644632078131
United States,Nevada,2002,4898.25908231142
United States,Nevada,2003,5019.55494482349
United States,Nevada,2004,5106.61054230301
United States,Nevada,2005,4949.5757363167495
United States,Nevada,2006,4885.87817829873
United States,Nevada,2007,4934.28059912927
United States,Nevada,2008,5055.42853164821
United States,Nevada,2009,4775.9186704085005
United States,Nevada,2010,4883.04491700006
United States,Nevada,2011,5453.97910219906
United States,Nevada,2012,5497.47965117629
United States,Nevada,2013,5735.16298617578
United States,Nevada,2014,5700.23385166398
United States,Nevada,2015,5692.9457461757
United States,Nevada,2016,5700.22833090172
United States,Nevada,2017,5423.4519881609
United States,Nevada,2018,5792.28133908497
United States,Nevada,2019,5945.862478859601
United States,Nevada,2020,5772.44676448064
United States,Nevada,2021,6099.78415773967
United States,Nevada,2022,6148.09471527991
United States,Nevada,2023,6248.04320865741
United States,New Hampshire,1990,1894.676270269048
United States,New Hampshire,1991,1786.576903422512
United States,New Hampshire,1992,1801.5610385298821
United States,New Hampshire,1993,1851.955195910251
United States,New Hampshire,1994,1894.8386873877498
United States,New Hampshire,1995,1506.224467342266
United States,New Hampshire,1996,1548.9012989824
United States,New Hampshire,1997,1703.426642880043
United States,New Hampshire,1998,1732.166321030125
United States,New Hampshire,1999,1681.371861719699
United States,New Hampshire,2000,1657.3964350856868
United States,New Hampshire,2001,1635.687235256408
United States,New Hampshire,2002,1819.278919307047
United States,New Hampshire,2003,1766.9800420318911
United States,New Hampshire,2004,1787.7603907312582
United States,New Hampshire,2005,1733.845428792254
United States,New Hampshire,2006,1715.776371323521
United States,New Hampshire,2007,1715.7748518592039
United States,New Hampshire,2008,1674.958613206976
United States,New Hampshire,2009,1592.899658821669
United States,New Hampshire,2010,1620.5931448591232
United States,New Hampshire,2011,1667.206864654131
United States,New Hampshire,2012,1653.194989706281
United States,New Hampshire,2013,1673.839787335119
United States,New Hampshire,2014,1689.814677486902
United States,New Hampshire,2015,1679.7339133766159
United States,New Hampshire,2016,1699.568054767023
United States,New Hampshire,2017,1663.1355239667068
United States,New Hampshire,2018,1711.753047285909
United States,New Hampshire,2019,1728.534465797629
United States,New Hampshire,2020,1724.06554256162
United States,New Hampshire,2021,1825.488999219713
United States,New Hampshire,2022,1837.538293656831
United States,New Hampshire,2023,1846.560392042884
United States,New Jersey,1990,21306.59257681484
United States,New Jersey,1991,20270.86103288149
United States,New Jersey,1992,20705.13515862984
United States,New Jersey,1993,20924.55618678973
United States,New Jersey,1994,21764.16929318452
United States,New Jersey,1995,18222.43031350701
United States,New Jersey,1996,18646.17873540548
United States,New Jersey,1997,20072.63562567644
United States,New Jersey,1998,20342.37976871164
United States,New Jersey,1999,19633.45830838672
United States,New Jersey,2000,19409.20801210513
United States,New Jersey,2001,19002.516235631978
United States,New Jersey,2002,20093.352714244502
United States,New Jersey,2003,19638.433232454037
United States,New Jersey,2004,19713.12740911367
United States,New Jersey,2005,19131.940548684528
United States,New Jersey,2006,19220.99058663561
United States,New Jersey,2007,19089.97909609433
United States,New Jersey,2008,18531.96381824952
United States,New Jersey,2009,17523.6863207762
United States,New Jersey,2010,17895.41740320637
United States,New Jersey,2011,16839.33382836265
United States,New Jersey,2012,16817.4061208286
United States,New Jersey,2013,17024.28335415852
United States,New Jersey,2014,17208.91518421544
United States,New Jersey,2015,16987.72492336186
United States,New Jersey,2016,17352.07599858024
United States,New Jersey,2017,17098.80174067441
United States,New Jersey,2018,17482.48894581824
United States,New Jersey,2019,17570.22433447003
United States,New Jersey,2020,17182.177236541902
United States,New Jersey,2021,18039.97247596393
United States,New Jersey,2022,18198.84357826372
United States,New Jersey,2023,18250.05915011667
United States,New Mexico,1990,16955.961555081325
United States,New Mexico,1991,16371.79223610082
United States,New Mexico,1992,16402.838710862583
United States,New Mexico,1993,16634.614363003486
United States,New Mexico,1994,16857.15066618565
United States,New Mexico,1995,15799.331584927706
United States,New Mexico,1996,15919.19702609136
United States,New Mexico,1997,16617.3048479137
United States,New Mexico,1998,16596.949900285006
United States,New Mexico,1999,16149.083246731192
United States,New Mexico,2000,16117.272441170146
United States,New Mexico,2001,16278.511825625661
United States,New Mexico,2002,16379.409857695759
United States,New Mexico,2003,16374.99258020156
United States,New Mexico,2004,16442.83842033731
United States,New Mexico,2005,16018.119413150584
United States,New Mexico,2006,16976.714440313448
United States,New Mexico,2007,17105.7951649544
United States,New Mexico,2008,17404.07016551659
United States,New Mexico,2009,16647.49669646163
United States,New Mexico,2010,16841.13219576173
United States,New Mexico,2011,17707.486853109025
United States,New Mexico,2012,17838.2821171145
United States,New Mexico,2013,26227.55228995178
United States,New Mexico,2014,27843.17835464748
United States,New Mexico,2015,33274.185691248094
United States,New Mexico,2016,31376.991499402277
United States,New Mexico,2017,24325.294390442723
United States,New Mexico,2018,30952.29568980372
United States,New Mexico,2019,31836.775294747993
United States,New Mexico,2020,31753.72800863129
United States,New Mexico,2021,34912.236739745065
United States,New Mexico,2022,35142.292942259875
United States,New Mexico,2023,37631.151384501834
United States,New York,1990,24640.110352282078
United States,New York,1991,23317.141864651232
United States,New York,1992,23666.33786877606
United States,New York,1993,23678.62651119756
United States,New York,1994,24211.50646871126
United States,New York,1995,21013.02381638332
United States,New York,1996,21521.581707757432
United States,New York,1997,23428.73197457219
United States,New York,1998,23269.69337259071
United States,New York,1999,22990.79638448442
United States,New York,2000,22607.98553094875
United States,New York,2001,21924.97023782707
United States,New York,2002,23379.32526493804
United States,New York,2003,22439.53095047806
United States,New York,2004,23019.83304897818
United States,New York,2005,22507.96045737807
United States,New York,2006,22348.10997082437
United States,New York,2007,22365.01893667714
United States,New York,2008,21320.07438671724
United States,New York,2009,19485.14522034042
United States,New York,2010,19960.49779139678
United States,New York,2011,20370.62531481579
United States,New York,2012,20490.49571241055
United States,New York,2013,20429.79738326156
United States,New York,2014,20765.59667459428
United States,New York,2015,20448.877760359628
United States,New York,2016,20329.19054847107
United States,New York,2017,20019.07172795866
United States,New York,2018,20325.083192603608
United States,New York,2019,20613.21090509306
United States,New York,2020,20283.612852983388
United States,New York,2021,21371.756312555088
United States,New York,2022,21525.80576369361
United States,New York,2023,21273.11641044747
United States,North Carolina,1990,17624.48047965762
United States,North Carolina,1991,16758.56886818049
United States,North Carolina,1992,16349.67111297851
United States,North Carolina,1993,17567.6328587229
United States,North Carolina,1994,17785.36192907323
United States,North Carolina,1995,16371.2251359734
United States,North Carolina,1996,16760.72012726895
United States,North Carolina,1997,18018.53898934941
United States,North Carolina,1998,19004.47664737889
United States,North Carolina,1999,18760.05496162593
United States,North Carolina,2000,20195.72101091696
United States,North Carolina,2001,19171.4861819061
United States,North Carolina,2002,19976.66355953506
United States,North Carolina,2003,19654.26466178726
United States,North Carolina,2004,20060.58057881039
United States,North Carolina,2005,19181.06852930408
United States,North Carolina,2006,18929.390314097953
United States,North Carolina,2007,18909.906945441762
United States,North Carolina,2008,18479.38197400651
United States,North Carolina,2009,17080.97372346782
United States,North Carolina,2010,17735.95798966773
United States,North Carolina,2011,18100.7393998027
United States,North Carolina,2012,17951.30563615137
United States,North Carolina,2013,18106.32874368042
United States,North Carolina,2014,18175.34200878243
United States,North Carolina,2015,17932.58301550293
United States,North Carolina,2016,17943.18062997524
United States,North Carolina,2017,17470.28553220544
United States,North Carolina,2018,18004.47954163489
United States,North Carolina,2019,18062.28875141485
United States,North Carolina,2020,18220.32051405207
United States,North Carolina,2021,19382.027134348282
United States,North Carolina,2022,19473.71207890355
United States,North Carolina,2023,19771.70807237432
United States,North Dakota,1990,106671.00683524532
United States,North Dakota,1991,107100.97276564254
United States,North Dakota,1992,105181.50520084878
United States,North Dakota,1993,106760.14848600398
United States,North Dakota,1994,108765.30007807887
United States,North Dakota,1995,109301.87078819318
United States,North Dakota,1996,111198.22796879172
United States,North Dakota,1997,109290.35608034892
United States,North Dakota,1998,107730.4091241016
United States,North Dakota,1999,108047.9808482415
United States,North Dakota,2000,119888.8721094402
United States,North Dakota,2001,119316.2853926315
United States,North Dakota,2002,110806.8402351348
United States,North Dakota,2003,112516.48301201547
United States,North Dakota,2004,114299.58230333209
United States,North Dakota,2005,111922.2563502675
United States,North Dakota,2006,115744.4776698771
United States,North Dakota,2007,118491.52407203102
United States,North Dakota,2008,122802.52178732988
United States,North Dakota,2009,118704.94302005666
United States,North Dakota,2010,127182.12757987139
United States,North Dakota,2011,132734.41619365275
United States,North Dakota,2012,135141.82067811853
United States,North Dakota,2013,115810.68437386045
United States,North Dakota,2014,119708.10511992032
United States,North Dakota,2015,110841.09934528613
United States,North Dakota,2016,97690.75702529744
United States,North Dakota,2017,119825.65700388321
United States,North Dakota,2018,143944.85967125488
United States,North Dakota,2019,145544.45361442195
United States,North Dakota,2020,127003.6587892595
United States,North Dakota,2021,128709.8879504606
United States,North Dakota,2022,99654.5092538431
United States,North Dakota,2023,92297.5469695648
United States,Ohio,1990,56534.50040787262
United States,Ohio,1991,52833.5943681973
United States,Ohio,1992,49865.257241651525
United States,Ohio,1993,50800.87582173253
United States,Ohio,1994,52040.21022757403
United States,Ohio,1995,51265.65531072618
United States,Ohio,1996,51111.341740549025
United States,Ohio,1997,53564.65968296859
United States,Ohio,1998,56187.180005930335
United States,Ohio,1999,52517.003857762684
United States,Ohio,2000,53446.05439259988
United States,Ohio,2001,49822.00807625204
United States,Ohio,2002,51610.38957555317
United States,Ohio,2003,50989.16811849521
United States,Ohio,2004,52899.886973221444
United States,Ohio,2005,48082.71100505661
United States,Ohio,2006,49071.55388250901
United States,Ohio,2007,48193.31759593339
United States,Ohio,2008,47396.74574676925
United States,Ohio,2009,40224.181862837686
United States,Ohio,2010,44594.14265936084
United States,Ohio,2011,44176.818956817966
United States,Ohio,2012,43627.00089274294
United States,Ohio,2013,44463.39063860056
United States,Ohio,2014,44511.11283935427
United States,Ohio,2015,43747.37061322751
United States,Ohio,2016,42126.94723031916
United States,Ohio,2017,41025.2872407919
United States,Ohio,2018,43305.59429216347
United States,Ohio,2019,42827.01336308581
United States,Ohio,2020,41205.696006719954
United States,Ohio,2021,43238.827471289274
United States,Ohio,2022,42824.01834498068
United States,Ohio,2023,42558.3299859364
United States,Oklahoma,1990,38946.0127672361
United States,Oklahoma,1991,38072.1061563137
United States,Oklahoma,1992,37103.7525668687
United States,Oklahoma,1993,37366.296046827396
United States,Oklahoma,1994,37919.0449872864
United States,Oklahoma,1995,37526.6589412308
United States,Oklahoma,1996,38227.435799799496
United States,Oklahoma,1997,36392.5577773188
United States,Oklahoma,1998,36234.1962232181
United States,Oklahoma,1999,37160.810105549
United States,Oklahoma,2000,44157.5699830814
United States,Oklahoma,2001,41163.1493737226
United States,Oklahoma,2002,36924.7982488329
United States,Oklahoma,2003,36635.6908300712
United States,Oklahoma,2004,37735.056765329704
United States,Oklahoma,2005,36836.1328554894
United States,Oklahoma,2006,35607.2942663426
United States,Oklahoma,2007,35890.2225779127
United States,Oklahoma,2008,35651.1085402139
United States,Oklahoma,2009,33904.3499110486
United States,Oklahoma,2010,38698.4763131317
United States,Oklahoma,2011,35637.2051864178
United States,Oklahoma,2012,35502.1737215671
United States,Oklahoma,2013,37050.0396034114
United States,Oklahoma,2014,36323.0514571717
United States,Oklahoma,2015,37345.154803549005
United States,Oklahoma,2016,37521.4718265799
United States,Oklahoma,2017,38823.5689406139
United States,Oklahoma,2018,40560.1332998614
United States,Oklahoma,2019,39001.5268503074
United States,Oklahoma,2020,39405.4181427675
United States,Oklahoma,2021,38633.1275232166
United States,Oklahoma,2022,40586.186957162
United States,Oklahoma,2023,40656.5644988622
United States,Oregon,1990,13717.32555773031
United States,Oregon,1991,13107.436096615611
United States,Oregon,1992,12718.709119140489
United States,Oregon,1993,12925.525587141317
United States,Oregon,1994,12907.853778180837
United States,Oregon,1995,13162.444462509777
United States,Oregon,1996,13333.775125932956
United States,Oregon,1997,14107.634433592939
United States,Oregon,1998,14001.770817925946
United States,Oregon,1999,14027.97169715091
United States,Oregon,2000,14174.03962362121
United States,Oregon,2001,12824.222648161709
United States,Oregon,2002,12696.83125948729
United States,Oregon,2003,12319.32404906067
United States,Oregon,2004,12524.50780957619
United States,Oregon,2005,11942.55257507613
United States,Oregon,2006,11675.17111986232
United States,Oregon,2007,11722.46033299837
United States,Oregon,2008,11397.575134576859
United States,Oregon,2009,10276.702138645245
United States,Oregon,2010,10781.64700584394
United States,Oregon,2011,11443.02391390447
United States,Oregon,2012,11535.29527104439
United States,Oregon,2013,11310.02717709068
United States,Oregon,2014,11198.4810178842
United States,Oregon,2015,11082.92278577952
United States,Oregon,2016,10887.39222988337
United States,Oregon,2017,10421.30580735731
United States,Oregon,2018,10789.39776713436
United States,Oregon,2019,10901.59859014854
United States,Oregon,2020,10792.6048293086
United States,Oregon,2021,11383.85250344827
United States,Oregon,2022,11470.87170074953
United States,Oregon,2023,11427.66176475124
United States,Pennsylvania,1990,75073.61633992875
United States,Pennsylvania,1991,77245.66449299431
United States,Pennsylvania,1992,75317.31371569991
United States,Pennsylvania,1993,74230.30752643137
United States,Pennsylvania,1994,74385.2325144466
United States,Pennsylvania,1995,71541.52512906752
United States,Pennsylvania,1996,68271.2702133649
United States,Pennsylvania,1997,72152.45477129698
United States,Pennsylvania,1998,72422.91593995132
United States,Pennsylvania,1999,67650.94123948099
United States,Pennsylvania,2000,65265.5891410596
United States,Pennsylvania,2001,63296.62156695186
United States,Pennsylvania,2002,63792.01165228724
United States,Pennsylvania,2003,61792.95320406941
United States,Pennsylvania,2004,62945.84187065831
United States,Pennsylvania,2005,58808.20282480875
United States,Pennsylvania,2006,58570.07849200961
United States,Pennsylvania,2007,57815.27557688631
United States,Pennsylvania,2008,57615.20121217984
United States,Pennsylvania,2009,49412.750621326355
United States,Pennsylvania,2010,50450.5323528063
United States,Pennsylvania,2011,51385.31612603712
United States,Pennsylvania,2012,49270.771167034196
United States,Pennsylvania,2013,45827.0563242583
United States,Pennsylvania,2014,47918.93766049589
United States,Pennsylvania,2015,44876.928246348136
United States,Pennsylvania,2016,40963.72291578446
United States,Pennsylvania,2017,41258.560056557006
United States,Pennsylvania,2018,41642.63700432078
United States,Pennsylvania,2019,41876.30452638051
United States,Pennsylvania,2020,36939.65514668252
United States,Pennsylvania,2021,42403.17057166961
United States,Pennsylvania,2022,43405.15593266896
United States,Pennsylvania,2023,43501.71586299623
United States,Rhode Island,1990,2319.436392915228
United States,Rhode Island,1991,2174.652261768347
United States,Rhode Island,1992,2228.2870153162567
United States,Rhode Island,1993,2199.78411149869
United States,Rhode Island,1994,2257.169535470597
United States,Rhode Island,1995,1673.10620250734
United States,Rhode Island,1996,1723.609534305261
United States,Rhode Island,1997,1925.938233756748
United States,Rhode Island,1998,1890.1161944168698
United States,Rhode Island,1999,1828.239248600011
United States,Rhode Island,2000,1770.714730994508
United States,Rhode Island,2001,1753.468484117593
United States,Rhode Island,2002,1975.228888992923
United States,Rhode Island,2003,1866.280701937897
United States,Rhode Island,2004,1880.627839083601
United States,Rhode Island,2005,1826.9820247092612
United States,Rhode Island,2006,1798.190162489721
United States,Rhode Island,2007,1804.305315766701
United States,Rhode Island,2008,1720.454850077664
United States,Rhode Island,2009,1635.6158976608322
United States,Rhode Island,2010,1661.2387186724072
United States,Rhode Island,2011,1709.284407864642
United States,Rhode Island,2012,1698.892129742248
United States,Rhode Island,2013,1689.702367402493
United States,Rhode Island,2014,1711.396214038903
United States,Rhode Island,2015,1700.269151369293
United States,Rhode Island,2016,1727.5651256960991
United States,Rhode Island,2017,1695.93561007835
United States,Rhode Island,2018,1719.816226066816
United States,Rhode Island,2019,1739.108430670852
United States,Rhode Island,2020,1729.453886767679
United States,Rhode Island,2021,1828.112831562318
United States,Rhode Island,2022,1838.114173097805
United States,Rhode Island,2023,1812.483249305362
United States,South Carolina,1990,14227.65198542974
United States,South Carolina,1991,13524.61706339491
United States,South Carolina,1992,12916.863930970596
United States,South Carolina,1993,13433.86404265499
United States,South Carolina,1994,13546.401145288924
United States,South Carolina,1995,15015.091382504936
United States,South Carolina,1996,17396.947965829815
United States,South Carolina,1997,18072.01251971796
United States,South Carolina,1998,18742.60005675647
United States,South Carolina,1999,17642.22774867743
United States,South Carolina,2000,18683.34478207399
United States,South Carolina,2001,17344.359542477592
United States,South Carolina,2002,16971.2737579507
United States,South Carolina,2003,16949.41252582317
United States,South Carolina,2004,17796.814218675612
United States,South Carolina,2005,16474.6427268517
United States,South Carolina,2006,16571.68822036154
United States,South Carolina,2007,16244.270372919
United States,South Carolina,2008,15797.02707171783
United States,South Carolina,2009,13837.52547281726
United States,South Carolina,2010,14983.64186665079
United States,South Carolina,2011,14870.19671372481
United States,South Carolina,2012,14572.222105439969
United States,South Carolina,2013,14641.79368349482
United States,South Carolina,2014,14720.08606730488
United States,South Carolina,2015,14306.78973486443
United States,South Carolina,2016,14287.801177998139
United States,South Carolina,2017,14057.31290649083
United States,South Carolina,2018,14566.1537049059
United States,South Carolina,2019,14446.06423020172
United States,South Carolina,2020,14540.74561335434
United States,South Carolina,2021,15136.6620712416
United States,South Carolina,2022,15084.05702001147
United States,South Carolina,2023,15161.023068979239
United States,South Dakota,1990,2433.216548873826
United States,South Dakota,1991,2323.552763293691
United States,South Dakota,1992,2366.474255464028
United States,South Dakota,1993,2540.840544143678
United States,South Dakota,1994,2598.858521371843
United States,South Dakota,1995,2085.010692249364
United States,South Dakota,1996,2145.2137113890512
United States,South Dakota,1997,2334.3800044299287
United States,South Dakota,1998,2469.603621763272
United States,South Dakota,1999,2409.700807120675
United States,South Dakota,2000,2359.501531801807
United States,South Dakota,2001,2334.610825624416
United States,South Dakota,2002,2577.47309699375
United States,South Dakota,2003,2577.86439511415
United States,South Dakota,2004,2613.036359136522
United States,South Dakota,2005,2543.7676025075502
United States,South Dakota,2006,2544.890922324352
United States,South Dakota,2007,2545.057876675938
United States,South Dakota,2008,2558.798860470764
United States,South Dakota,2009,2445.569947462036
United States,South Dakota,2010,2477.55060548957
United States,South Dakota,2011,2597.901592211445
United States,South Dakota,2012,2590.672201533614
United States,South Dakota,2013,2689.487445781629
United States,South Dakota,2014,2708.508021994077
United States,South Dakota,2015,2700.6785356770392
United States,South Dakota,2016,2725.8413451500473
United States,South Dakota,2017,2674.338618798851
United States,South Dakota,2018,2817.684281866321
United States,South Dakota,2019,2848.738263599188
United States,South Dakota,2020,2816.812842616822
United States,South Dakota,2021,2964.099429284835
United States,South Dakota,2022,3008.074129314386
United States,South Dakota,2023,3067.393304922308
United States,Tennessee,1990,19196.93705287232
United States,Tennessee,1991,18279.91553972252
United States,Tennessee,1992,18195.95965284095
United States,Tennessee,1993,18958.52436589308
United States,Tennessee,1994,19204.03347324086
United States,Tennessee,1995,17509.98167117886
United States,Tennessee,1996,17916.73494526439
United States,Tennessee,1997,18898.34951879184
United States,Tennessee,1998,19458.21309543826
United States,Tennessee,1999,19480.72202578083
United States,Tennessee,2000,20515.46287563509
United States,Tennessee,2001,19256.94152721738
United States,Tennessee,2002,19800.842664032272
United States,Tennessee,2003,19514.28009703022
United States,Tennessee,2004,19841.48641159803
United States,Tennessee,2005,19061.60209561238
United States,Tennessee,2006,18738.52044628597
United States,Tennessee,2007,18810.183240768398
United States,Tennessee,2008,18488.52580288818
United States,Tennessee,2009,17105.10193742327
United States,Tennessee,2010,18133.16300965259
United States,Tennessee,2011,17941.21246756059
United States,Tennessee,2012,17923.21829031466
United States,Tennessee,2013,17994.94075488557
United States,Tennessee,2014,18096.71525326299
United States,Tennessee,2015,18079.22283681686
United States,Tennessee,2016,18201.78780408444
United States,Tennessee,2017,17804.10098687165
United States,Tennessee,2018,18402.72695288603
United States,Tennessee,2019,18431.211466932567
United States,Tennessee,2020,18391.41434292681
United States,Tennessee,2021,19184.44509771359
United States,Tennessee,2022,19434.86222441023
United States,Tennessee,2023,19553.01029700135
United States,Texas,1990,198815.3628745256
United States,Texas,1991,195077.4729242156
United States,Texas,1992,196015.5576445434
United States,Texas,1993,199968.2577189065
United States,Texas,1994,203575.6950529316
United States,Texas,1995,191483.6078040366
United States,Texas,1996,195163.4504898871
United States,Texas,1997,201640.8502519819
United States,Texas,1998,203359.4460100153
United States,Texas,1999,199152.1317485488
United States,Texas,2000,201870.6552588179
United States,Texas,2001,200599.749701294
United States,Texas,2002,200886.94524996082
United States,Texas,2003,202627.6755083513
United States,Texas,2004,203235.7626072845
United States,Texas,2005,198802.7629175355
United States,Texas,2006,205235.0999368369
United States,Texas,2007,205980.8136728711
United States,Texas,2008,208319.2150376445
United States,Texas,2009,199165.6684733484
United States,Texas,2010,204590.19009687888
United States,Texas,2011,200684.7510142341
United States,Texas,2012,203064.9031175036
United States,Texas,2013,224202.3019976673
United States,Texas,2014,234441.5843271127
United States,Texas,2015,243270.7322252692
United States,Texas,2016,237570.96046801048
United States,Texas,2017,239893.97474835452
United States,Texas,2018,247453.4024423749
United States,Texas,2019,279678.8685404084
United States,Texas,2020,264201.587098303
United States,Texas,2021,256237.9778313229
United States,Texas,2022,293292.772519916
United States,Texas,2023,318379.7359770105
United States,Utah,1990,14284.089288907
United States,Utah,1991,12913.344773166129
United States,Utah,1992,12803.124248231019
United States,Utah,1993,12953.84330320715
United States,Utah,1994,12944.701283535851
United States,Utah,1995,12064.95605432431
United States,Utah,1996,15777.651028273269
United States,Utah,1997,17216.14880926295
United States,Utah,1998,17928.00025746939
United States,Utah,1999,16716.155012013158
United States,Utah,2000,15905.03863949663
United States,Utah,2001,15520.355970256423
United States,Utah,2002,15148.78538671443
United States,Utah,2003,14602.410973779723
United States,Utah,2004,14796.653679599716
United States,Utah,2005,13923.703705162952
United States,Utah,2006,13737.613995067637
United States,Utah,2007,13447.82138042639
United States,Utah,2008,13257.068651092792
United States,Utah,2009,11765.22817409744
United States,Utah,2010,11590.811508918294
United States,Utah,2011,11976.13970414644
United States,Utah,2012,11477.1211139626
United States,Utah,2013,11494.09759778115
United States,Utah,2014,12115.73744580905
United States,Utah,2015,10618.82869624142
United States,Utah,2016,10506.114239450191
United States,Utah,2017,10628.08554531339
United States,Utah,2018,11219.55248270994
United States,Utah,2019,12142.51449783313
United States,Utah,2020,10793.59106993542
United States,Utah,2021,12145.02353591543
United States,Utah,2022,13661.4514580705
United States,Utah,2023,14489.46615311568
United States,Vermont,1990,1015.5801589448789
United States,Vermont,1991,960.4894006260955
United States,Vermont,1992,953.616548938299
United States,Vermont,1993,994.3480888642886
United States,Vermont,1994,1014.4744314773424
United States,Vermont,1995,854.5152665271862
United States,Vermont,1996,878.0539570119134
United States,Vermont,1997,954.9141109589358
United States,Vermont,1998,979.0586831746107
United States,Vermont,1999,952.3633753052305
United States,Vermont,2000,952.6591331861275
United States,Vermont,2001,937.2616058254366
United States,Vermont,2002,1034.666916797589
United States,Vermont,2003,1002.1402742629286
United States,Vermont,2004,1019.1969841143746
United States,Vermont,2005,985.1901184335404
United States,Vermont,2006,979.2689151296754
United States,Vermont,2007,977.3844003371224
United States,Vermont,2008,949.0176148925326
United States,Vermont,2009,901.3021916267301
United States,Vermont,2010,918.1913216370834
United States,Vermont,2011,965.0137429793049
United States,Vermont,2012,957.398503479879
United States,Vermont,2013,958.782619827901
United States,Vermont,2014,961.857537470606
United States,Vermont,2015,958.4268954864569
United States,Vermont,2016,963.9485916400549
United States,Vermont,2017,932.4769682357676
United States,Vermont,2018,950.378141046496
United States,Vermont,2019,964.2884768989779
United States,Vermont,2020,955.2784924124592
United States,Vermont,2021,1015.5505614425061
United States,Vermont,2022,1023.824978649789
United States,Vermont,2023,1027.8549278815126
United States,Virginia,1990,28290.54436654795
United States,Virginia,1991,25809.56851794134
United States,Virginia,1992,24745.352549367908
United States,Virginia,1993,25170.80839882818
United States,Virginia,1994,25228.829934872003
United States,Virginia,1995,24705.37054004989
United States,Virginia,1996,24464.12446998956
United States,Virginia,1997,25457.58621133193
United States,Virginia,1998,26490.451007214
United States,Virginia,1999,25396.630259803802
United States,Virginia,2000,26384.509804799498
United States,Virginia,2001,25523.626133930207
United States,Virginia,2002,25597.96360304603
United States,Virginia,2003,24982.19872974199
United States,Virginia,2004,25655.7887661354
United States,Virginia,2005,24480.8389976137
United States,Virginia,2006,24013.5116314234
United States,Virginia,2007,23638.7313570324
United States,Virginia,2008,23115.757123853
United States,Virginia,2009,21096.1409914567
United States,Virginia,2010,23031.012304798598
United States,Virginia,2011,22689.6152134155
United States,Virginia,2012,21822.9763265108
United States,Virginia,2013,21711.9029848547
United States,Virginia,2014,21911.8566924733
United States,Virginia,2015,21530.9235645628
United States,Virginia,2016,21004.379820832502
United States,Virginia,2017,20825.383212660752
United States,Virginia,2018,21083.63760522123
United States,Virginia,2019,21126.336308841812
United States,Virginia,2020,20796.88192283331
United States,Virginia,2021,22738.8874738989
United States,Virginia,2022,23107.225099471543
United States,Virginia,2023,23195.05856799399
United States,Washington,1990,32044.28774928457
United States,Washington,1991,31163.20656606119
United States,Washington,1992,30760.966806253688
United States,Washington,1993,30629.49202005772
United States,Washington,1994,30288.696319719988
United States,Washington,1995,32094.74231645678
United States,Washington,1996,32968.17035466635
United States,Washington,1997,33962.810533561
United States,Washington,1998,34081.0594066411
United States,Washington,1999,33828.80167124785
United States,Washington,2000,33548.5191434035
United States,Washington,2001,29737.078621812463
United States,Washington,2002,28988.6822845184
United States,Washington,2003,27850.13433358197
United States,Washington,2004,28383.692235078757
United States,Washington,2005,27091.38478471442
United States,Washington,2006,26611.170770579498
United States,Washington,2007,27070.05264705083
United States,Washington,2008,25367.04236090375
United States,Washington,2009,22753.6495936619
United States,Washington,2010,23689.80762262606
United States,Washington,2011,23094.21586087649
United States,Washington,2012,23365.892645183572
United States,Washington,2013,22886.59783052851
United States,Washington,2014,22718.86215480104
United States,Washington,2015,22295.78678288406
United States,Washington,2016,21996.00330865906
United States,Washington,2017,21203.6364766739
United States,Washington,2018,21906.934676592362
United States,Washington,2019,21896.55104421956
United States,Washington,2020,21607.00788563231
United States,Washington,2021,22712.788409556983
United States,Washington,2022,23035.076312922698
United States,Washington,2023,23032.86291344808
United States,West Virginia,1990,34229.49041043776
United States,West Virginia,1991,29726.452929521656
United States,West Virginia,1992,28896.712002446784
United States,West Virginia,1993,27866.35161867194
United States,West Virginia,1994,27280.028692708693
United States,West Virginia,1995,29016.17158845848
United States,West Virginia,1996,27505.025817904112
United States,West Virginia,1997,28807.65446781401
United States,West Virginia,1998,28663.717868127977
United States,West Virginia,1999,34839.5368198145
United States,West Virginia,2000,32795.76992181335
United States,West Virginia,2001,31806.950722434078
United States,West Virginia,2002,29507.597753691527
United States,West Virginia,2003,33063.28384412903
United States,West Virginia,2004,35893.116999157406
United States,West Virginia,2005,33881.81089755859
United States,West Virginia,2006,33578.8379613988
United States,West Virginia,2007,36523.539644199875
United States,West Virginia,2008,35818.46526792732
United States,West Virginia,2009,30010.570068203593
United States,West Virginia,2010,29459.03593451291
United States,West Virginia,2011,30799.611279037777
United States,West Virginia,2012,32076.910718839474
United States,West Virginia,2013,29951.010229984633
United States,West Virginia,2014,29122.177613478907
United States,West Virginia,2015,26814.809081633517
United States,West Virginia,2016,21862.62469850666
United States,West Virginia,2017,22659.757703073734
United States,West Virginia,2018,22039.42510902029
United States,West Virginia,2019,22467.35585549176
United States,West Virginia,2020,19470.511034335497
United States,West Virginia,2021,28247.266156335558
United States,West Virginia,2022,29024.23986991445
United States,West Virginia,2023,29194.711688118372
United States,Wisconsin,1990,19972.6279993957
United States,Wisconsin,1991,19383.73699678776
United States,Wisconsin,1992,18410.42532603398
United States,Wisconsin,1993,19669.51985793894
United States,Wisconsin,1994,19991.0969260007
United States,Wisconsin,1995,19489.81713825086
United States,Wisconsin,1996,19866.53161971688
United States,Wisconsin,1997,21174.80900308556
United States,Wisconsin,1998,21914.31297261186
United States,Wisconsin,1999,21357.4277402992
United States,Wisconsin,2000,22096.0340477739
United States,Wisconsin,2001,21457.48939637298
United States,Wisconsin,2002,23064.752464534547
United States,Wisconsin,2003,22672.85364530079
United States,Wisconsin,2004,23222.19558020874
United States,Wisconsin,2005,22389.02405706111
United States,Wisconsin,2006,22228.92572156291
United States,Wisconsin,2007,22023.49824228669
United States,Wisconsin,2008,21392.68661145777
United States,Wisconsin,2009,19953.86676121155
United States,Wisconsin,2010,20550.67672216495
United States,Wisconsin,2011,20288.81668906263
United States,Wisconsin,2012,19910.61718249667
United States,Wisconsin,2013,20070.81536356758
United States,Wisconsin,2014,20267.998500088543
United States,Wisconsin,2015,20022.38921687689
United States,Wisconsin,2016,20076.845417186232
United States,Wisconsin,2017,19662.98111465945
United States,Wisconsin,2018,20177.76328009989
United States,Wisconsin,2019,20183.688669461102
United States,Wisconsin,2020,20604.88913278721
United States,Wisconsin,2021,22072.85683884395
United States,Wisconsin,2022,22263.31356955812
United States,Wisconsin,2023,22451.78112413513
United States,Wyoming,1990,32624.450743711786
United States,Wyoming,1991,30597.36225846593
United States,Wyoming,1992,30541.58270502
United States,Wyoming,1993,29035.622394290163
United States,Wyoming,1994,30683.771612550532
United States,Wyoming,1995,30282.421614903215
United States,Wyoming,1996,30340.59119748989
United States,Wyoming,1997,31628.411213223215
United States,Wyoming,1998,32066.383244244123
United States,Wyoming,1999,30774.123655277595
United States,Wyoming,2000,29983.391878414768
United States,Wyoming,2001,30525.79510928071
United States,Wyoming,2002,31967.270345292436
United States,Wyoming,2003,30931.419017722044
United States,Wyoming,2004,31837.954315040624
United States,Wyoming,2005,31006.75457687734
United States,Wyoming,2006,34538.871559604435
United States,Wyoming,2007,33560.817090349236
United States,Wyoming,2008,33475.87826668374
United States,Wyoming,2009,29563.292469562057
United States,Wyoming,2010,27813.04250127147
United States,Wyoming,2011,31240.29538627873
United States,Wyoming,2012,29912.641612200834
United States,Wyoming,2013,29686.178652584487
United States,Wyoming,2014,28411.65963537731
United States,Wyoming,2015,26603.404754916137
United States,Wyoming,2016,23232.152135568453
United States,Wyoming,2017,24884.9347877025
United States,Wyoming,2018,23529.564677346414
United States,Wyoming,2019,23935.16339235379
United States,Wyoming,2020,19921.270647413225
United States,Wyoming,2021,19118.464881859458
United States,Wyoming,2022,19578.49697076577
United States,Wyoming,2023,20659.1777935396
