Country,State,Year,Emission,Manufacturing_GDP,Combined_Emissions_Cluster,Fossil_CO2_Cluster,CH4_AR5_Cluster,N2O_AR5_Cluster,FGases_AR5_Cluster
United States,Alabama,2005,38438.3335736769,124746.1,2.0,0.0,3.0,2.0,1.0
United States,Alabama,2006,37589.5321570261,129962.3,2.0,0.0,3.0,2.0,1.0
United States,Alabama,2007,37492.1219475732,127914.5,2.0,0.0,3.0,2.0,1.0
United States,Alabama,2008,36750.1487837774,127573.8,2.0,0.0,3.0,2.0,1.0
United States,Alabama,2009,32675.37217936631,108693.7,2.0,0.0,3.0,2.0,1.0
United States,Alabama,2010,36401.1190267961,117264.4,2.0,0.0,3.0,2.0,1.0
United States,Alabama,2011,34729.5227622342,129124.2,2.0,0.0,3.0,2.0,1.0
United States,Alabama,2012,33696.4059115985,128234.7,2.0,0.0,3.0,2.0,1.0
United States,Alabama,2013,32844.7545698057,135256.4,2.0,0.0,3.0,2.0,1.0
United States,Alabama,2014,33187.9309361263,131079.19999999998,2.0,0.0,3.0,2.0,1.0
United States,Alabama,2015,33533.987020731,128838.0,2.0,0.0,3.0,2.0,1.0
United States,Alabama,2016,35577.6104868439,133878.7,2.0,0.0,3.0,2.0,1.0
United States,Alabama,2017,35041.2715168347,137130.5,2.0,0.0,3.0,2.0,1.0
United States,Alabama,2018,34406.7182285277,141219.3,2.0,0.0,3.0,2.0,1.0
United States,Alabama,2019,32957.5247633402,141656.9,2.0,0.0,3.0,2.0,1.0
United States,Alabama,2020,33419.5724312924,135815.5,2.0,0.0,3.0,2.0,1.0
United States,Alabama,2021,34900.9981815472,144249.7,2.0,0.0,3.0,2.0,1.0
United States,Alabama,2022,36319.30296399471,145283.3,2.0,0.0,3.0,2.0,1.0
United States,Alabama,2023,36199.7541602288,36015.9,2.0,0.0,3.0,2.0,1.0
United States,Alaska,2005,12352.07104783829,6973.7,2.0,1.0,0.0,0.0,1.0
United States,Alaska,2006,12191.471970253897,7313.1,2.0,1.0,0.0,0.0,1.0
United States,Alaska,2007,12249.201740151855,7849.0,2.0,1.0,0.0,0.0,1.0
United States,Alaska,2008,12332.663645297036,7500.9,2.0,1.0,0.0,0.0,1.0
United States,Alaska,2009,11814.524826231736,7480.4,2.0,1.0,0.0,0.0,1.0
United States,Alaska,2010,13398.2227100525,5290.1,2.0,1.0,0.0,0.0,1.0
United States,Alaska,2011,12373.360830565862,4173.6,2.0,1.0,0.0,0.0,1.0
United States,Alaska,2012,12517.611142986112,3968.2,2.0,1.0,0.0,0.0,1.0
United States,Alaska,2013,12044.13451131624,5419.3,2.0,1.0,0.0,0.0,1.0
United States,Alaska,2014,12716.606270132912,6515.0,2.0,1.0,0.0,0.0,1.0
United States,Alaska,2015,13305.443830480892,7524.4,2.0,1.0,0.0,0.0,1.0
United States,Alaska,2016,15505.319582806784,7050.6,2.0,1.0,0.0,0.0,1.0
United States,Alaska,2017,13908.673747272524,7662.200000000001,2.0,1.0,0.0,0.0,1.0
United States,Alaska,2018,13063.230496097049,5536.8,2.0,1.0,0.0,0.0,1.0
United States,Alaska,2019,14306.000919883742,5910.6,2.0,1.0,0.0,0.0,1.0
United States,Alaska,2020,15030.391277327302,0.0,2.0,1.0,0.0,0.0,1.0
United States,Alaska,2021,16006.192834894364,6104.0,2.0,1.0,0.0,0.0,1.0
United States,Alaska,2022,18833.96911824872,5930.7,2.0,1.0,0.0,0.0,1.0
United States,Alaska,2023,16456.706282441457,1440.2,2.0,1.0,0.0,0.0,1.0
United States,Arizona,2005,11405.39208091942,73625.7,2.0,1.0,0.0,0.0,1.0
United States,Arizona,2006,11250.50273271194,83785.4,2.0,1.0,0.0,0.0,1.0
United States,Arizona,2007,11307.33371118104,94732.8,2.0,1.0,0.0,0.0,1.0
United States,Arizona,2008,11347.65080893649,94252.6,2.0,1.0,0.0,0.0,1.0
United States,Arizona,2009,10874.69830254171,81398.3,2.0,1.0,0.0,0.0,1.0
United States,Arizona,2010,11136.18515984399,89285.4,2.0,1.0,0.0,0.0,1.0
United States,Arizona,2011,11782.39495389928,94244.8,2.0,1.0,0.0,0.0,1.0
United States,Arizona,2012,11765.508093809429,98021.0,2.0,1.0,0.0,0.0,1.0
United States,Arizona,2013,12207.39710359681,88449.7,2.0,1.0,0.0,0.0,1.0
United States,Arizona,2014,12257.94178885394,95243.0,2.0,1.0,0.0,0.0,1.0
United States,Arizona,2015,12191.61117313528,100742.6,2.0,1.0,0.0,0.0,1.0
United States,Arizona,2016,12310.98059554527,103678.9,2.0,1.0,0.0,0.0,1.0
United States,Arizona,2017,11954.89065387808,113332.3,2.0,1.0,0.0,0.0,1.0
United States,Arizona,2018,12665.12757662584,124020.8,2.0,1.0,0.0,0.0,1.0
United States,Arizona,2019,12937.99135204161,131744.0,2.0,1.0,0.0,0.0,1.0
United States,Arizona,2020,12630.45449977412,131968.8,2.0,1.0,0.0,0.0,1.0
United States,Arizona,2021,13269.78233375278,143561.8,2.0,1.0,0.0,0.0,1.0
United States,Arizona,2022,13338.53503113439,140635.9,2.0,1.0,0.0,0.0,1.0
United States,Arizona,2023,13624.956654049847,35290.7,2.0,1.0,0.0,0.0,1.0
United States,Arkansas,2005,24433.48030976671,77442.4,2.0,0.0,0.0,2.0,1.0
United States,Arkansas,2006,24378.99879975727,80441.7,2.0,0.0,0.0,2.0,1.0
United States,Arkansas,2007,24052.299067791017,72921.1,2.0,0.0,0.0,2.0,1.0
United States,Arkansas,2008,23190.45277443745,67761.29999999999,2.0,0.0,0.0,2.0,1.0
United States,Arkansas,2009,20282.87386808126,57139.6,2.0,0.0,0.0,2.0,1.0
United States,Arkansas,2010,22800.09955804516,62195.2,2.0,0.0,0.0,2.0,1.0
United States,Arkansas,2011,21809.97770991586,64646.7,2.0,0.0,0.0,2.0,1.0
United States,Arkansas,2012,21549.45842029372,61004.3,2.0,0.0,0.0,2.0,1.0
United States,Arkansas,2013,21010.02603492285,65979.8,2.0,0.0,0.0,2.0,1.0
United States,Arkansas,2014,22565.96161557654,68336.2,2.0,0.0,0.0,2.0,1.0
United States,Arkansas,2015,22380.12226934464,66874.9,2.0,0.0,0.0,2.0,1.0
United States,Arkansas,2016,22389.75836194873,66621.0,2.0,0.0,0.0,2.0,1.0
United States,Arkansas,2017,22337.30563158606,66836.0,2.0,0.0,0.0,2.0,1.0
United States,Arkansas,2018,22953.18744821784,70197.9,2.0,0.0,0.0,2.0,1.0
United States,Arkansas,2019,22678.98488732192,71000.5,2.0,0.0,0.0,2.0,1.0
United States,Arkansas,2020,22502.94964557553,70104.1,2.0,0.0,0.0,2.0,1.0
United States,Arkansas,2021,23031.60268987343,74660.9,2.0,0.0,0.0,2.0,1.0
United States,Arkansas,2022,23282.77445802676,74840.8,2.0,0.0,0.0,2.0,1.0
United States,Arkansas,2023,23073.616510565527,18514.5,2.0,0.0,0.0,2.0,1.0
United States,California,2005,121466.66456441033,846801.0,0.0,2.0,0.0,2.0,2.0
United States,California,2006,122575.96506611396,913025.8,0.0,2.0,0.0,2.0,2.0
United States,California,2007,121681.8853571418,974684.8,0.0,2.0,0.0,2.0,2.0
United States,California,2008,116757.29439611614,1078142.2,0.0,2.0,0.0,2.0,2.0
United States,California,2009,106081.3593754236,1010705.3,0.0,2.0,0.0,2.0,2.0
United States,California,2010,108917.9237845582,979371.4,0.0,2.0,0.0,2.0,2.0
United States,California,2011,105517.9121435083,931199.5,0.0,2.0,0.0,2.0,2.0
United States,California,2012,106401.72909611014,951871.2,0.0,2.0,0.0,2.0,2.0
United States,California,2013,107509.28801800986,1008126.9,0.0,2.0,0.0,2.0,2.0
United States,California,2014,109158.49006590794,1060841.3,0.0,2.0,0.0,2.0,2.0
United States,California,2015,107257.71337903151,1105807.7999999998,0.0,2.0,0.0,2.0,2.0
United States,California,2016,107315.23557243204,1146678.1,0.0,2.0,0.0,2.0,2.0
United States,California,2017,105784.00929618823,1260200.3,0.0,2.0,0.0,2.0,2.0
United States,California,2018,108378.65594794608,1354363.3,0.0,2.0,0.0,2.0,2.0
United States,California,2019,109683.174244448,1417443.3,0.0,2.0,0.0,2.0,2.0
United States,California,2020,106709.25926776689,1407948.6,0.0,2.0,0.0,2.0,2.0
United States,California,2021,111976.5534955186,1514042.3,0.0,2.0,0.0,2.0,2.0
United States,California,2022,113424.533945654,1460902.9,0.0,2.0,0.0,2.0,2.0
United States,California,2023,112465.62889949628,359120.8,0.0,2.0,0.0,2.0,2.0
United States,Colorado,2005,24125.12791340719,68469.8,2.0,1.0,3.0,0.0,1.0
United States,Colorado,2006,23889.37668945578,75237.4,2.0,1.0,3.0,0.0,1.0
United States,Colorado,2007,23681.76376851791,81443.6,2.0,1.0,3.0,0.0,1.0
United States,Colorado,2008,23807.80379704054,82966.4,2.0,1.0,3.0,0.0,1.0
United States,Colorado,2009,21546.75228091783,82497.1,2.0,1.0,3.0,0.0,1.0
United States,Colorado,2010,22022.23468865896,84617.8,2.0,1.0,3.0,0.0,1.0
United States,Colorado,2011,22676.48540878624,84991.0,2.0,1.0,3.0,0.0,1.0
United States,Colorado,2012,22165.99055727276,83474.9,2.0,1.0,3.0,0.0,1.0
United States,Colorado,2013,22989.37157185874,84976.5,2.0,1.0,3.0,0.0,1.0
United States,Colorado,2014,21758.01846121876,88578.7,2.0,1.0,3.0,0.0,1.0
United States,Colorado,2015,21019.94020514572,90368.9,2.0,1.0,3.0,0.0,1.0
United States,Colorado,2016,18256.71839425828,89267.5,2.0,1.0,3.0,0.0,1.0
United States,Colorado,2017,18629.24794763492,88763.6,2.0,1.0,3.0,0.0,1.0
United States,Colorado,2018,19597.15496906144,93249.9,2.0,1.0,3.0,0.0,1.0
United States,Colorado,2019,18698.7034568403,97970.7,2.0,1.0,3.0,0.0,1.0
United States,Colorado,2020,17547.96661279361,98899.5,2.0,1.0,3.0,0.0,1.0
United States,Colorado,2021,18931.918797799688,106464.3,2.0,1.0,3.0,0.0,1.0
United States,Colorado,2022,19246.34318710906,103674.1,2.0,1.0,3.0,0.0,1.0
United States,Colorado,2023,19158.62960428336,26054.7,2.0,1.0,3.0,0.0,1.0
United States,Connecticut,2005,3808.641750170398,150847.40000000002,2.0,1.0,0.0,0.0,1.0
United States,Connecticut,2006,3756.86003321147,177475.9,2.0,1.0,0.0,0.0,1.0
United States,Connecticut,2007,3767.562580922772,181513.3,2.0,1.0,0.0,0.0,1.0
United States,Connecticut,2008,3618.582879677592,174474.1,2.0,1.0,0.0,0.0,1.0
United States,Connecticut,2009,3443.603564939087,119210.2,2.0,1.0,0.0,0.0,1.0
United States,Connecticut,2010,3498.3399113646083,122667.7,2.0,1.0,0.0,0.0,1.0
United States,Connecticut,2011,3620.509211890168,117594.8,2.0,1.0,0.0,0.0,1.0
United States,Connecticut,2012,3598.910259867768,116306.8,2.0,1.0,0.0,0.0,1.0
United States,Connecticut,2013,3595.028468346568,119048.0,2.0,1.0,0.0,0.0,1.0
United States,Connecticut,2014,3633.6483423936097,113533.1,2.0,1.0,0.0,0.0,1.0
United States,Connecticut,2015,3613.250378500045,112212.2,2.0,1.0,0.0,0.0,1.0
United States,Connecticut,2016,3664.827989994629,102841.0,2.0,1.0,0.0,0.0,1.0
United States,Connecticut,2017,3589.366143345249,107816.9,2.0,1.0,0.0,0.0,1.0
United States,Connecticut,2018,3642.558888203849,119763.5,2.0,1.0,0.0,0.0,1.0
United States,Connecticut,2019,3687.611406405975,125411.9,2.0,1.0,0.0,0.0,1.0
United States,Connecticut,2020,3657.557684189272,113617.7,2.0,1.0,0.0,0.0,1.0
United States,Connecticut,2021,3863.20999663882,123983.4,2.0,1.0,0.0,0.0,1.0
United States,Connecticut,2022,3887.240646784226,125791.9,2.0,1.0,0.0,0.0,1.0
United States,Connecticut,2023,3865.872341637605,31273.2,2.0,1.0,0.0,0.0,1.0
United States,Delaware,2005,7237.432119855834,21784.2,2.0,1.0,0.0,0.0,1.0
United States,Delaware,2006,7470.07151766552,23267.6,2.0,1.0,0.0,0.0,1.0
United States,Delaware,2007,7338.062174291247,25277.6,2.0,1.0,0.0,0.0,1.0
United States,Delaware,2008,7187.511653835665,20653.5,2.0,1.0,0.0,0.0,1.0
United States,Delaware,2009,6895.373242031716,18970.4,2.0,1.0,0.0,0.0,1.0
United States,Delaware,2010,6994.4324961281945,17838.0,2.0,1.0,0.0,0.0,1.0
United States,Delaware,2011,5653.83338977739,17450.5,2.0,1.0,0.0,0.0,1.0
United States,Delaware,2012,5702.241783103857,15355.4,2.0,1.0,0.0,0.0,1.0
United States,Delaware,2013,5834.826163035409,15819.1,2.0,1.0,0.0,0.0,1.0
United States,Delaware,2014,5877.535813639994,16099.8,2.0,1.0,0.0,0.0,1.0
United States,Delaware,2015,5770.444312111735,19229.0,2.0,1.0,0.0,0.0,1.0
United States,Delaware,2016,5978.297111138431,15918.8,2.0,1.0,0.0,0.0,1.0
United States,Delaware,2017,5925.957450492332,18225.6,2.0,1.0,0.0,0.0,1.0
United States,Delaware,2018,6020.749195290031,18897.3,2.0,1.0,0.0,0.0,1.0
United States,Delaware,2019,5998.11392156009,21444.2,2.0,1.0,0.0,0.0,1.0
United States,Delaware,2020,5704.735386590241,20539.6,2.0,1.0,0.0,0.0,1.0
United States,Delaware,2021,5914.471870733118,20665.4,2.0,1.0,0.0,0.0,1.0
United States,Delaware,2022,6029.727440363461,20422.9,2.0,1.0,0.0,0.0,1.0
United States,Delaware,2023,6071.682918946923,5087.3,2.0,1.0,0.0,0.0,1.0
United States,District of Columbia,2005,311.0634599111762,1379.2,,,,,
United States,District of Columbia,2006,305.8068472539915,1262.6999999999998,,,,,
United States,District of Columbia,2007,306.97343858654,1253.3000000000002,,,,,
United States,District of Columbia,2008,291.26833726574694,1215.9,,,,,
United States,District of Columbia,2009,276.89907966131864,1214.9,,,,,
United States,District of Columbia,2010,281.1270266196452,1125.8000000000002,,,,,
United States,District of Columbia,2011,289.1061311443256,1178.8,,,,,
United States,District of Columbia,2012,287.4442435316651,911.5,,,,,
United States,District of Columbia,2013,284.7285686748136,946.0,,,,,
United States,District of Columbia,2014,288.30308932164337,830.7,,,,,
United States,District of Columbia,2015,286.3066637569632,917.3,,,,,
United States,District of Columbia,2016,290.9046978519621,990.0,,,,,
United States,District of Columbia,2017,285.44264022535407,0.0,,,,,
United States,District of Columbia,2018,288.7722296684501,1022.7,,,,,
United States,District of Columbia,2019,291.6915420719809,970.4,,,,,
United States,District of Columbia,2020,290.21125664898483,0.0,,,,,
United States,District of Columbia,2021,306.3985985535352,0.0,,,,,
United States,District of Columbia,2022,308.3155619652524,0.0,,,,,
United States,District of Columbia,2023,300.2174213790784,0.0,,,,,
United States,Florida,2005,31588.88036743838,150593.9,2.0,0.0,0.0,2.0,0.0
United States,Florida,2006,31421.89184905657,164681.1,2.0,0.0,0.0,2.0,0.0
United States,Florida,2007,31359.575052514258,177761.69999999998,2.0,0.0,0.0,2.0,0.0
United States,Florida,2008,30520.069444728302,169157.4,2.0,0.0,0.0,2.0,0.0
United States,Florida,2009,28716.228986706552,154585.8,2.0,0.0,0.0,2.0,0.0
United States,Florida,2010,29519.12088513257,153098.7,2.0,0.0,0.0,2.0,0.0
United States,Florida,2011,29769.32305441326,151635.1,2.0,0.0,0.0,2.0,0.0
United States,Florida,2012,29310.34629559323,147403.2,2.0,0.0,0.0,2.0,0.0
United States,Florida,2013,29788.193311755986,159616.9,2.0,0.0,0.0,2.0,0.0
United States,Florida,2014,30144.42878310357,169142.0,2.0,0.0,0.0,2.0,0.0
United States,Florida,2015,29891.51939277067,185761.3,2.0,0.0,0.0,2.0,0.0
United States,Florida,2016,30211.151052120465,191074.8,2.0,0.0,0.0,2.0,0.0
United States,Florida,2017,29657.136501022644,197351.1,2.0,0.0,0.0,2.0,0.0
United States,Florida,2018,30396.033640510483,202113.6,2.0,0.0,0.0,2.0,0.0
United States,Florida,2019,30773.70008786428,211005.3,2.0,0.0,0.0,2.0,0.0
United States,Florida,2020,30856.457798341507,209314.4,2.0,0.0,0.0,2.0,0.0
United States,Florida,2021,32719.87348477791,224744.8,2.0,0.0,0.0,2.0,0.0
United States,Florida,2022,32991.07699557813,228955.3,2.0,0.0,0.0,2.0,0.0
United States,Florida,2023,33321.63108361442,57049.9,2.0,0.0,0.0,2.0,0.0
United States,Georgia,2005,40103.8694521669,213366.2,2.0,0.0,0.0,1.0,0.0
United States,Georgia,2006,38506.60739358,211280.3,2.0,0.0,0.0,1.0,0.0
United States,Georgia,2007,38648.0799527871,216878.6,2.0,0.0,0.0,1.0,0.0
United States,Georgia,2008,38129.6362055802,203194.2,2.0,0.0,0.0,1.0,0.0
United States,Georgia,2009,35802.9283166999,186653.1,2.0,0.0,0.0,1.0,0.0
United States,Georgia,2010,40415.1059788739,190414.9,2.0,0.0,0.0,1.0,0.0
United States,Georgia,2011,38534.2988103161,197723.9,2.0,0.0,0.0,1.0,0.0
United States,Georgia,2012,37929.7280961069,193971.2,2.0,0.0,0.0,1.0,0.0
United States,Georgia,2013,37911.345321485904,196426.0,2.0,0.0,0.0,1.0,0.0
United States,Georgia,2014,38534.5676950882,201951.1,2.0,0.0,0.0,1.0,0.0
United States,Georgia,2015,39972.0218096982,205163.9,2.0,0.0,0.0,1.0,0.0
United States,Georgia,2016,40384.2909412344,214023.0,2.0,0.0,0.0,1.0,0.0
United States,Georgia,2017,39759.5563452747,220380.2,2.0,0.0,0.0,1.0,0.0
United States,Georgia,2018,41195.853595282,217051.8,2.0,0.0,0.0,1.0,0.0
United States,Georgia,2019,40853.3254353461,216361.6,2.0,0.0,0.0,1.0,0.0
United States,Georgia,2020,42129.5276750242,203890.3,2.0,0.0,0.0,1.0,0.0
United States,Georgia,2021,43007.6412076809,223758.9,2.0,0.0,0.0,1.0,0.0
United States,Georgia,2022,44544.3151888251,228587.5,2.0,0.0,0.0,1.0,0.0
United States,Georgia,2023,45108.0678169228,56462.3,2.0,0.0,0.0,1.0,0.0
United States,Hawaii,2005,2628.1362589834034,6249.4,2.0,1.0,0.0,0.0,1.0
United States,Hawaii,2006,2687.27271919134,6204.9,2.0,1.0,0.0,0.0,1.0
United States,Hawaii,2007,2651.796664131242,6174.2,2.0,1.0,0.0,0.0,1.0
United States,Hawaii,2008,2570.9895411620764,7095.6,2.0,1.0,0.0,0.0,1.0
United States,Hawaii,2009,2463.0950699425243,7029.6,2.0,1.0,0.0,0.0,1.0
United States,Hawaii,2010,2498.4910349026177,6161.8,2.0,1.0,0.0,0.0,1.0
United States,Hawaii,2011,2132.2951078593023,5801.200000000001,2.0,1.0,0.0,0.0,1.0
United States,Hawaii,2012,2143.7130670209303,5730.4,2.0,1.0,0.0,0.0,1.0
United States,Hawaii,2013,2204.762581298268,6381.1,2.0,1.0,0.0,0.0,1.0
United States,Hawaii,2014,2226.067308043248,6909.7,2.0,1.0,0.0,0.0,1.0
United States,Hawaii,2015,2193.249300254229,6918.6,2.0,1.0,0.0,0.0,1.0
United States,Hawaii,2016,2262.32322195411,7296.5,2.0,1.0,0.0,0.0,1.0
United States,Hawaii,2017,2240.148439951539,7133.799999999999,2.0,1.0,0.0,0.0,1.0
United States,Hawaii,2018,2450.2341339287,7130.1,2.0,1.0,0.0,0.0,1.0
United States,Hawaii,2019,2455.229590430675,6261.5,2.0,1.0,0.0,0.0,1.0
United States,Hawaii,2020,2369.214170845058,5735.0,2.0,1.0,0.0,0.0,1.0
United States,Hawaii,2021,2469.292851779712,0.0,2.0,1.0,0.0,0.0,1.0
United States,Hawaii,2022,2509.0606598629747,0.0,2.0,1.0,0.0,0.0,1.0
United States,Hawaii,2023,2477.211883509976,0.0,2.0,1.0,0.0,0.0,1.0
United States,Idaho,2005,4020.266363427419,23590.6,2.0,1.0,0.0,0.0,1.0
United States,Idaho,2006,3967.930871191405,21207.3,2.0,1.0,0.0,0.0,1.0
United States,Idaho,2007,3974.549795062707,21463.5,2.0,1.0,0.0,0.0,1.0
United States,Idaho,2008,3899.253991870773,25710.0,2.0,1.0,0.0,0.0,1.0
United States,Idaho,2009,3697.233662677406,24964.3,2.0,1.0,0.0,0.0,1.0
United States,Idaho,2010,3869.905399130159,26880.6,2.0,1.0,0.0,0.0,1.0
United States,Idaho,2011,4172.358902584713,27523.4,2.0,1.0,0.0,0.0,1.0
United States,Idaho,2012,4186.885401544857,28012.8,2.0,1.0,0.0,0.0,1.0
United States,Idaho,2013,4218.361048679896,27628.1,2.0,1.0,0.0,0.0,1.0
United States,Idaho,2014,4204.052904966637,28234.5,2.0,1.0,0.0,0.0,1.0
United States,Idaho,2015,4242.1000951471815,27141.1,2.0,1.0,0.0,0.0,1.0
United States,Idaho,2016,4237.148667188459,27989.1,2.0,1.0,0.0,0.0,1.0
United States,Idaho,2017,4049.3875430654953,29029.9,2.0,1.0,0.0,0.0,1.0
United States,Idaho,2018,4405.967340475027,32532.1,2.0,1.0,0.0,0.0,1.0
United States,Idaho,2019,4484.173087710915,33658.9,2.0,1.0,0.0,0.0,1.0
United States,Idaho,2020,4390.195264732776,33077.0,2.0,1.0,0.0,0.0,1.0
United States,Idaho,2021,4593.232291140914,34620.3,2.0,1.0,0.0,0.0,1.0
United States,Idaho,2022,4664.8402865195385,35564.3,2.0,1.0,0.0,0.0,1.0
United States,Idaho,2023,4723.790445521162,8714.2,2.0,1.0,0.0,0.0,1.0
United States,Illinois,2005,62487.7636977243,372413.7,0.0,0.0,3.0,0.0,0.0
United States,Illinois,2006,61882.11396072169,380063.5,0.0,0.0,3.0,0.0,0.0
United States,Illinois,2007,60900.908126532886,390463.5,0.0,0.0,3.0,0.0,0.0
United States,Illinois,2008,59746.04386004911,368032.8,0.0,0.0,3.0,0.0,0.0
United States,Illinois,2009,54810.18728309237,356556.9,0.0,0.0,3.0,0.0,0.0
United States,Illinois,2010,57405.44449066815,372483.9,0.0,0.0,3.0,0.0,0.0
United States,Illinois,2011,59430.66751638924,395727.3,0.0,0.0,3.0,0.0,0.0
United States,Illinois,2012,60715.91030859135,414860.8,0.0,0.0,3.0,0.0,0.0
United States,Illinois,2013,59853.952963616684,388267.3,0.0,0.0,3.0,0.0,0.0
United States,Illinois,2014,62768.5312601693,398758.0,0.0,0.0,3.0,0.0,0.0
United States,Illinois,2015,61533.43380410233,387749.2,0.0,0.0,3.0,0.0,0.0
United States,Illinois,2016,58820.4286700339,382272.1,0.0,0.0,3.0,0.0,0.0
United States,Illinois,2017,58375.10818409003,390215.7,0.0,0.0,3.0,0.0,0.0
United States,Illinois,2018,59479.161607615824,416822.5,0.0,0.0,3.0,0.0,0.0
United States,Illinois,2019,59342.05095664934,415079.2,0.0,0.0,3.0,0.0,0.0
United States,Illinois,2020,54924.85151202929,386577.4,0.0,0.0,3.0,0.0,0.0
United States,Illinois,2021,61430.05199070661,413042.8000000001,0.0,0.0,3.0,0.0,0.0
United States,Illinois,2022,61805.40059737448,428301.7,0.0,0.0,3.0,0.0,0.0
United States,Illinois,2023,61401.00732568497,104276.8,0.0,0.0,3.0,0.0,0.0
United States,Indiana,2005,68403.80827304172,318324.1,0.0,2.0,0.0,0.0,0.0
United States,Indiana,2006,70545.30495755357,318485.5,0.0,2.0,0.0,0.0,0.0
United States,Indiana,2007,68373.01482747302,366685.6,0.0,2.0,0.0,0.0,0.0
United States,Indiana,2008,66678.18706102468,360802.6,0.0,2.0,0.0,0.0,0.0
United States,Indiana,2009,50258.18269568472,297659.6,0.0,2.0,0.0,0.0,0.0
United States,Indiana,2010,59502.58846728191,353056.9,0.0,2.0,0.0,0.0,0.0
United States,Indiana,2011,59857.05067676803,346385.1,0.0,2.0,0.0,0.0,0.0
United States,Indiana,2012,59508.31832841512,331232.1,0.0,2.0,0.0,0.0,0.0
United States,Indiana,2013,60222.49910565774,352397.9,0.0,2.0,0.0,0.0,0.0
United States,Indiana,2014,63391.498377738855,365358.9,0.0,2.0,0.0,0.0,0.0
United States,Indiana,2015,59410.39350726736,343105.4,0.0,2.0,0.0,0.0,0.0
United States,Indiana,2016,57061.07150498572,350716.4,0.0,2.0,0.0,0.0,0.0
United States,Indiana,2017,57069.042049793024,352223.1,0.0,2.0,0.0,0.0,0.0
United States,Indiana,2018,59094.89092356591,369083.5,0.0,2.0,0.0,0.0,0.0
United States,Indiana,2019,58861.20677592873,368488.4,0.0,2.0,0.0,0.0,0.0
United States,Indiana,2020,52941.11004062342,349061.4,0.0,2.0,0.0,0.0,0.0
United States,Indiana,2021,56326.09090031243,380858.8,0.0,2.0,0.0,0.0,0.0
United States,Indiana,2022,55559.10140900586,382660.7,0.0,2.0,0.0,0.0,0.0
United States,Indiana,2023,54316.5410658915,93172.8,0.0,2.0,0.0,0.0,0.0
United States,Iowa,2005,28640.8927148218,111370.8,2.0,0.0,0.0,1.0,1.0
United States,Iowa,2006,26849.2218036341,119855.1,2.0,0.0,0.0,1.0,1.0
United States,Iowa,2007,27205.759975992903,120105.1,2.0,0.0,0.0,1.0,1.0
United States,Iowa,2008,27007.7234456506,119959.7,2.0,0.0,0.0,1.0,1.0
United States,Iowa,2009,25128.1810932107,104044.0,2.0,0.0,0.0,1.0,1.0
United States,Iowa,2010,30514.7986721808,112238.1,2.0,0.0,0.0,1.0,1.0
United States,Iowa,2011,28865.6759454745,109025.1,2.0,0.0,0.0,1.0,1.0
United States,Iowa,2012,28666.9804999382,118274.7,2.0,0.0,0.0,1.0,1.0
United States,Iowa,2013,28346.6261783285,115585.3,2.0,0.0,0.0,1.0,1.0
United States,Iowa,2014,28818.974487498403,127101.9,2.0,0.0,0.0,1.0,1.0
United States,Iowa,2015,30955.5078618209,126090.5,2.0,0.0,0.0,1.0,1.0
United States,Iowa,2016,31512.7820842132,110432.4,2.0,0.0,0.0,1.0,1.0
United States,Iowa,2017,31202.5821671534,117108.1,2.0,0.0,0.0,1.0,1.0
United States,Iowa,2018,32846.7288884859,122982.0,2.0,0.0,0.0,1.0,1.0
United States,Iowa,2019,32471.7458120837,122650.9,2.0,0.0,0.0,1.0,1.0
United States,Iowa,2020,32981.9921187101,122363.8,2.0,0.0,0.0,1.0,1.0
United States,Iowa,2021,32281.2787293242,130679.1,2.0,0.0,0.0,1.0,1.0
United States,Iowa,2022,34077.4551193293,134246.6,2.0,0.0,0.0,1.0,1.0
United States,Iowa,2023,34289.9060190519,33358.1,2.0,0.0,0.0,1.0,1.0
United States,Kansas,2005,20036.12902572184,75126.09999999999,2.0,1.0,0.0,0.0,1.0
United States,Kansas,2006,20362.75952818963,88001.7,2.0,1.0,0.0,0.0,1.0
United States,Kansas,2007,20165.81388661859,98561.6,2.0,1.0,0.0,0.0,1.0
United States,Kansas,2008,19291.17996725824,91424.0,2.0,1.0,0.0,0.0,1.0
United States,Kansas,2009,17124.94334608777,76056.5,2.0,1.0,0.0,0.0,1.0
United States,Kansas,2010,17657.90149515586,86129.2,2.0,1.0,0.0,0.0,1.0
United States,Kansas,2011,17032.95014100659,94091.6,2.0,1.0,0.0,0.0,1.0
United States,Kansas,2012,17252.32532146063,92421.1,2.0,1.0,0.0,0.0,1.0
United States,Kansas,2013,17576.54637247871,78224.5,2.0,1.0,0.0,0.0,1.0
United States,Kansas,2014,18133.47453341002,86928.3,2.0,1.0,0.0,0.0,1.0
United States,Kansas,2015,17748.83244510263,91412.7,2.0,1.0,0.0,0.0,1.0
United States,Kansas,2016,17535.17729533733,95182.0,2.0,1.0,0.0,0.0,1.0
United States,Kansas,2017,17372.13181621585,98616.5,2.0,1.0,0.0,0.0,1.0
United States,Kansas,2018,17832.0210521492,104638.3,2.0,1.0,0.0,0.0,1.0
United States,Kansas,2019,17975.526816861122,105577.8,2.0,1.0,0.0,0.0,1.0
United States,Kansas,2020,17319.499822439102,100483.2,2.0,1.0,0.0,0.0,1.0
United States,Kansas,2021,18066.12146858177,105556.3,2.0,1.0,0.0,0.0,1.0
United States,Kansas,2022,18281.69445031412,109911.9,2.0,1.0,0.0,0.0,1.0
United States,Kansas,2023,18327.951948345268,27475.3,2.0,1.0,0.0,0.0,1.0
United States,Kentucky,2005,21810.64729047428,124148.3,2.0,1.0,3.0,0.0,1.0
United States,Kentucky,2006,21519.52303076776,136646.2,2.0,1.0,3.0,0.0,1.0
United States,Kentucky,2007,21389.757688537426,129840.8,2.0,1.0,3.0,0.0,1.0
United States,Kentucky,2008,20821.15914561944,124022.2,2.0,1.0,3.0,0.0,1.0
United States,Kentucky,2009,23263.71979119181,103400.9,2.0,1.0,3.0,0.0,1.0
United States,Kentucky,2010,23128.47373010557,119429.7,2.0,1.0,3.0,0.0,1.0
United States,Kentucky,2011,23347.7880264435,120110.4,2.0,1.0,3.0,0.0,1.0
United States,Kentucky,2012,22385.232254826107,131269.7,2.0,1.0,3.0,0.0,1.0
United States,Kentucky,2013,21564.1872713823,138290.9,2.0,1.0,3.0,0.0,1.0
United States,Kentucky,2014,21698.79495271689,136129.5,2.0,1.0,3.0,0.0,1.0
United States,Kentucky,2015,21107.152253529377,133188.9,2.0,1.0,3.0,0.0,1.0
United States,Kentucky,2016,19626.526677250265,132164.69999999998,2.0,1.0,3.0,0.0,1.0
United States,Kentucky,2017,19511.83568078308,138494.9,2.0,1.0,3.0,0.0,1.0
United States,Kentucky,2018,20487.45300299029,138087.4,2.0,1.0,3.0,0.0,1.0
United States,Kentucky,2019,20660.91521355011,148232.8,2.0,1.0,3.0,0.0,1.0
United States,Kentucky,2020,18367.33944781384,141576.5,2.0,1.0,3.0,0.0,1.0
United States,Kentucky,2021,21513.704513643457,153590.3,2.0,1.0,3.0,0.0,1.0
United States,Kentucky,2022,21718.67784742742,155603.1,2.0,1.0,3.0,0.0,1.0
United States,Kentucky,2023,21682.054399773493,38318.9,2.0,1.0,3.0,0.0,1.0
United States,Louisiana,2005,81761.8489087703,365444.1,0.0,2.0,3.0,1.0,1.0
United States,Louisiana,2006,80029.2978993273,308737.6,0.0,2.0,3.0,1.0,1.0
United States,Louisiana,2007,79754.76104162469,256809.0,0.0,2.0,3.0,1.0,1.0
United States,Louisiana,2008,78893.3124276811,240907.5,0.0,2.0,3.0,1.0,1.0
United States,Louisiana,2009,75168.6964300965,224284.3,0.0,2.0,3.0,1.0,1.0
United States,Louisiana,2010,85334.2533066884,263131.0,0.0,2.0,3.0,1.0,1.0
United States,Louisiana,2011,73668.93667483071,215371.4,0.0,2.0,3.0,1.0,1.0
United States,Louisiana,2012,73401.5693645086,209421.5,0.0,2.0,3.0,1.0,1.0
United States,Louisiana,2013,73221.300386971,186703.6,0.0,2.0,3.0,1.0,1.0
United States,Louisiana,2014,74760.3612034923,210273.3,0.0,2.0,3.0,1.0,1.0
United States,Louisiana,2015,77832.24940183031,197302.7,0.0,2.0,3.0,1.0,1.0
United States,Louisiana,2016,83374.2477646652,187787.0,0.0,2.0,3.0,1.0,1.0
United States,Louisiana,2017,79816.4814320129,205588.8,0.0,2.0,3.0,1.0,1.0
United States,Louisiana,2018,81648.04206923531,209862.8,0.0,2.0,3.0,1.0,1.0
United States,Louisiana,2019,79581.41034426249,209630.5,0.0,2.0,3.0,1.0,1.0
United States,Louisiana,2020,80662.2394115435,162213.5,0.0,2.0,3.0,1.0,1.0
United States,Louisiana,2021,79796.14425232279,156131.8,0.0,2.0,3.0,1.0,1.0
United States,Louisiana,2022,84607.4079887188,157903.5,0.0,2.0,3.0,1.0,1.0
United States,Louisiana,2023,85075.910658341,38976.1,0.0,2.0,3.0,1.0,1.0
United States,Maine,2005,4603.921603817378,22819.7,2.0,1.0,0.0,0.0,1.0
United States,Maine,2006,4601.441971987519,23331.5,2.0,1.0,0.0,0.0,1.0
United States,Maine,2007,4467.493169429011,24310.4,2.0,1.0,0.0,0.0,1.0
United States,Maine,2008,4231.87329956944,24106.2,2.0,1.0,0.0,0.0,1.0
United States,Maine,2009,3933.6750617311454,22658.7,2.0,1.0,0.0,0.0,1.0
United States,Maine,2010,4088.240084425814,23237.0,2.0,1.0,0.0,0.0,1.0
United States,Maine,2011,3829.937681388676,22275.0,2.0,1.0,0.0,0.0,1.0
United States,Maine,2012,3645.25541697936,21787.1,2.0,1.0,0.0,0.0,1.0
United States,Maine,2013,3552.844688689104,21020.7,2.0,1.0,0.0,0.0,1.0
United States,Maine,2014,3582.164469928448,21162.4,2.0,1.0,0.0,0.0,1.0
United States,Maine,2015,3535.139017454589,20209.1,2.0,1.0,0.0,0.0,1.0
United States,Maine,2016,3480.271821504352,21212.7,2.0,1.0,0.0,0.0,1.0
United States,Maine,2017,3382.572872876347,22653.9,2.0,1.0,0.0,0.0,1.0
United States,Maine,2018,3352.783461122309,23218.2,2.0,1.0,0.0,0.0,1.0
United States,Maine,2019,3295.5483236835903,24252.0,2.0,1.0,0.0,0.0,1.0
United States,Maine,2020,3640.504740383258,24606.4,2.0,1.0,0.0,0.0,1.0
United States,Maine,2021,4027.637263114477,26522.1,2.0,1.0,0.0,0.0,1.0
United States,Maine,2022,4091.809369464335,26574.3,2.0,1.0,0.0,0.0,1.0
United States,Maine,2023,4084.2941026311937,6509.5,2.0,1.0,0.0,0.0,1.0
United States,Maryland,2005,10437.363702346847,63732.7,2.0,1.0,0.0,0.0,1.0
United States,Maryland,2006,10161.629861752735,68332.2,2.0,1.0,0.0,0.0,1.0
United States,Maryland,2007,10483.212882483993,73736.0,2.0,1.0,0.0,0.0,1.0
United States,Maryland,2008,9840.194741723257,76364.7,2.0,1.0,0.0,0.0,1.0
United States,Maryland,2009,8842.648294976083,77875.5,2.0,1.0,0.0,0.0,1.0
United States,Maryland,2010,9124.382054407026,82753.1,2.0,1.0,0.0,0.0,1.0
United States,Maryland,2011,9393.36766244631,81216.5,2.0,1.0,0.0,0.0,1.0
United States,Maryland,2012,9310.05374431943,72818.9,2.0,1.0,0.0,0.0,1.0
United States,Maryland,2013,9606.545936751749,77072.1,2.0,1.0,0.0,0.0,1.0
United States,Maryland,2014,9745.663446518169,76295.4,2.0,1.0,0.0,0.0,1.0
United States,Maryland,2015,9839.604679132708,76214.3,2.0,1.0,0.0,0.0,1.0
United States,Maryland,2016,9605.442602795029,81500.4,2.0,1.0,0.0,0.0,1.0
United States,Maryland,2017,9419.393899167862,83289.9,2.0,1.0,0.0,0.0,1.0
United States,Maryland,2018,9720.82001911984,86396.9,2.0,1.0,0.0,0.0,1.0
United States,Maryland,2019,9877.033165352665,90675.9,2.0,1.0,0.0,0.0,1.0
United States,Maryland,2020,9639.997997328504,90857.1,2.0,1.0,0.0,0.0,1.0
United States,Maryland,2021,10336.085537513223,92920.0,2.0,1.0,0.0,0.0,1.0
United States,Maryland,2022,10623.725948737792,92436.4,2.0,1.0,0.0,0.0,1.0
United States,Maryland,2023,10767.589049556344,22963.7,2.0,1.0,0.0,0.0,1.0
United States,Massachusetts,2005,7384.280645995624,142755.0,2.0,1.0,0.0,0.0,1.0
United States,Massachusetts,2006,7276.752114083096,157465.0,2.0,1.0,0.0,0.0,1.0
United States,Massachusetts,2007,7289.390290054403,178965.9,2.0,1.0,0.0,0.0,1.0
United States,Massachusetts,2008,6973.256606012094,172726.1,2.0,1.0,0.0,0.0,1.0
United States,Massachusetts,2009,6623.8697481824,163385.3,2.0,1.0,0.0,0.0,1.0
United States,Massachusetts,2010,6736.59330324093,183474.1,2.0,1.0,0.0,0.0,1.0
United States,Massachusetts,2011,6910.591680397842,184867.8,2.0,1.0,0.0,0.0,1.0
United States,Massachusetts,2012,6858.960174891068,186709.5,2.0,1.0,0.0,0.0,1.0
United States,Massachusetts,2013,6838.390697973393,184821.2,2.0,1.0,0.0,0.0,1.0
United States,Massachusetts,2014,6918.388085121624,192952.1,2.0,1.0,0.0,0.0,1.0
United States,Massachusetts,2015,6870.97133148247,197789.6,2.0,1.0,0.0,0.0,1.0
United States,Massachusetts,2016,6967.284937258039,194446.0,2.0,1.0,0.0,0.0,1.0
United States,Massachusetts,2017,6830.870193768806,193372.5,2.0,1.0,0.0,0.0,1.0
United States,Massachusetts,2018,6956.251211727034,207075.4,2.0,1.0,0.0,0.0,1.0
United States,Massachusetts,2019,7023.2068726543,202414.9,2.0,1.0,0.0,0.0,1.0
United States,Massachusetts,2020,7010.444820072894,196806.5,2.0,1.0,0.0,0.0,1.0
United States,Massachusetts,2021,7422.946982775727,206308.9,2.0,1.0,0.0,0.0,1.0
United States,Massachusetts,2022,7468.360599469238,201290.4,2.0,1.0,0.0,0.0,1.0
United States,Massachusetts,2023,7390.074621322028,49399.6,2.0,1.0,0.0,0.0,1.0
United States,Michigan,2005,34618.61657862268,330702.7,2.0,0.0,0.0,0.0,0.0
United States,Michigan,2006,35061.13189547426,330273.4,2.0,0.0,0.0,0.0,0.0
United States,Michigan,2007,34533.19072115454,345568.4,2.0,0.0,0.0,0.0,0.0
United States,Michigan,2008,33448.724671810814,297427.8,2.0,0.0,0.0,0.0,0.0
United States,Michigan,2009,28053.5116880772,214962.5,2.0,0.0,0.0,0.0,0.0
United States,Michigan,2010,30775.57413236322,275130.2,2.0,0.0,0.0,0.0,0.0
United States,Michigan,2011,31174.08365097313,302825.2,2.0,0.0,0.0,0.0,0.0
United States,Michigan,2012,31047.65073044392,313295.4,2.0,0.0,0.0,0.0,0.0
United States,Michigan,2013,30796.05597454352,333142.2,2.0,0.0,0.0,0.0,0.0
United States,Michigan,2014,31235.06360964114,332102.3,2.0,0.0,0.0,0.0,0.0
United States,Michigan,2015,30358.148458576088,330640.5,2.0,0.0,0.0,0.0,0.0
United States,Michigan,2016,29601.56244856782,336650.8,2.0,0.0,0.0,0.0,0.0
United States,Michigan,2017,29376.939388453586,343324.8,2.0,0.0,0.0,0.0,0.0
United States,Michigan,2018,30199.519535975134,352582.9,2.0,0.0,0.0,0.0,0.0
United States,Michigan,2019,30300.45983533044,346041.5,2.0,0.0,0.0,0.0,0.0
United States,Michigan,2020,29030.99528964904,326909.9,2.0,0.0,0.0,0.0,0.0
United States,Michigan,2021,28330.53054682312,381810.3,2.0,0.0,0.0,0.0,0.0
United States,Michigan,2022,28731.8812867961,391071.2,2.0,0.0,0.0,0.0,0.0
United States,Michigan,2023,28750.75526159664,96166.6,2.0,0.0,0.0,0.0,0.0
United States,Minnesota,2005,18206.94385927703,156302.1,2.0,1.0,0.0,0.0,1.0
United States,Minnesota,2006,18240.33962422605,159098.8,2.0,1.0,0.0,0.0,1.0
United States,Minnesota,2007,18032.09022376519,154951.3,2.0,1.0,0.0,0.0,1.0
United States,Minnesota,2008,17532.17979492476,163080.8,2.0,1.0,0.0,0.0,1.0
United States,Minnesota,2009,16581.19109108625,153706.2,2.0,1.0,0.0,0.0,1.0
United States,Minnesota,2010,17023.49221751057,161614.59999999998,2.0,1.0,0.0,0.0,1.0
United States,Minnesota,2011,16143.41201576502,169919.9,2.0,1.0,0.0,0.0,1.0
United States,Minnesota,2012,15917.72202156299,170044.0,2.0,1.0,0.0,0.0,1.0
United States,Minnesota,2013,16067.60046751583,176851.6,2.0,1.0,0.0,0.0,1.0
United States,Minnesota,2014,16203.70280528015,189039.0,2.0,1.0,0.0,0.0,1.0
United States,Minnesota,2015,16019.75772510315,188995.0,2.0,1.0,0.0,0.0,1.0
United States,Minnesota,2016,16226.82265870792,189561.2,2.0,1.0,0.0,0.0,1.0
United States,Minnesota,2017,15940.242732355591,187493.3,2.0,1.0,0.0,0.0,1.0
United States,Minnesota,2018,16310.91551889408,196282.0,2.0,1.0,0.0,0.0,1.0
United States,Minnesota,2019,16262.03566828905,192338.9,2.0,1.0,0.0,0.0,1.0
United States,Minnesota,2020,16367.81750738881,182095.5,2.0,1.0,0.0,0.0,1.0
United States,Minnesota,2021,17185.703595661398,196625.9,2.0,1.0,0.0,0.0,1.0
United States,Minnesota,2022,17372.94009718789,195552.0,2.0,1.0,0.0,0.0,1.0
United States,Minnesota,2023,17465.030746290548,48449.5,2.0,1.0,0.0,0.0,1.0
United States,Mississippi,2005,68662.8203160291,62343.6,0.0,2.0,0.0,2.0,1.0
United States,Mississippi,2006,69143.5029655037,68901.4,0.0,2.0,0.0,2.0,1.0
United States,Mississippi,2007,69915.6926743387,70600.7,0.0,2.0,0.0,2.0,1.0
United States,Mississippi,2008,66412.2612082383,69681.0,0.0,2.0,0.0,2.0,1.0
United States,Mississippi,2009,56239.3404129279,60000.6,0.0,2.0,0.0,2.0,1.0
United States,Mississippi,2010,62379.9059306315,61640.6,0.0,2.0,0.0,2.0,1.0
United States,Mississippi,2011,58227.9497969634,61358.2,0.0,2.0,0.0,2.0,1.0
United States,Mississippi,2012,59172.3069636462,65893.1,0.0,2.0,0.0,2.0,1.0
United States,Mississippi,2013,59296.2700127076,60617.0,0.0,2.0,0.0,2.0,1.0
United States,Mississippi,2014,62613.0433701199,63070.4,0.0,2.0,0.0,2.0,1.0
United States,Mississippi,2015,62141.8034631836,62781.4,0.0,2.0,0.0,2.0,1.0
United States,Mississippi,2016,61777.1132670968,64177.9,0.0,2.0,0.0,2.0,1.0
United States,Mississippi,2017,61330.1258245637,65062.4,0.0,2.0,0.0,2.0,1.0
United States,Mississippi,2018,62174.0162765482,63523.5,0.0,2.0,0.0,2.0,1.0
United States,Mississippi,2019,62222.8181143972,63922.8,0.0,2.0,0.0,2.0,1.0
United States,Mississippi,2020,60519.913469444,63592.4,0.0,2.0,0.0,2.0,1.0
United States,Mississippi,2021,62249.0072573264,69838.1,0.0,2.0,0.0,2.0,1.0
United States,Mississippi,2022,64431.4759363304,70879.7,0.0,2.0,0.0,2.0,1.0
United States,Mississippi,2023,64174.5217544109,17387.6,0.0,2.0,0.0,2.0,1.0
United States,Missouri,2005,18106.09911265595,149635.3,2.0,1.0,0.0,2.0,1.0
United States,Missouri,2006,18018.30709971921,148586.9,2.0,1.0,0.0,2.0,1.0
United States,Missouri,2007,18116.7262330269,148569.3,2.0,1.0,0.0,2.0,1.0
United States,Missouri,2008,17415.17628093182,145472.9,2.0,1.0,0.0,2.0,1.0
United States,Missouri,2009,15809.43707136194,125774.8,2.0,1.0,0.0,2.0,1.0
United States,Missouri,2010,16356.71853969116,134525.6,2.0,1.0,0.0,2.0,1.0
United States,Missouri,2011,16813.41266166733,130247.9,2.0,1.0,0.0,2.0,1.0
United States,Missouri,2012,17021.15100198842,139822.0,2.0,1.0,0.0,2.0,1.0
United States,Missouri,2013,17130.74066498143,139706.8,2.0,1.0,0.0,2.0,1.0
United States,Missouri,2014,17366.22188707294,140358.5,2.0,1.0,0.0,2.0,1.0
United States,Missouri,2015,17115.392902014442,144305.5,2.0,1.0,0.0,2.0,1.0
United States,Missouri,2016,17004.798758734338,134571.40000000002,2.0,1.0,0.0,2.0,1.0
United States,Missouri,2017,16692.214319997198,135046.2,2.0,1.0,0.0,2.0,1.0
United States,Missouri,2018,17213.91430628229,132578.8,2.0,1.0,0.0,2.0,1.0
United States,Missouri,2019,17475.75823473556,140155.1,2.0,1.0,0.0,2.0,1.0
United States,Missouri,2020,16989.45419285201,135342.5,2.0,1.0,0.0,2.0,1.0
United States,Missouri,2021,17819.23747712343,145738.1,2.0,1.0,0.0,2.0,1.0
United States,Missouri,2022,18008.45941532469,151881.4,2.0,1.0,0.0,2.0,1.0
United States,Missouri,2023,17961.665827221128,38096.3,2.0,1.0,0.0,2.0,1.0
United States,Montana,2005,15197.99847628009,11253.7,2.0,1.0,3.0,0.0,1.0
United States,Montana,2006,15398.943447058777,11642.0,2.0,1.0,3.0,0.0,1.0
United States,Montana,2007,15210.459203894212,14290.3,2.0,1.0,3.0,0.0,1.0
United States,Montana,2008,15173.459781803283,11655.1,2.0,1.0,3.0,0.0,1.0
United States,Montana,2009,13509.911168203282,9022.4,2.0,1.0,3.0,0.0,1.0
United States,Montana,2010,13115.006084373004,10110.7,2.0,1.0,3.0,0.0,1.0
United States,Montana,2011,13726.439310319302,11067.2,2.0,1.0,3.0,0.0,1.0
United States,Montana,2012,13262.86514749204,10471.5,2.0,1.0,3.0,0.0,1.0
United States,Montana,2013,11655.011708625862,11094.0,2.0,1.0,3.0,0.0,1.0
United States,Montana,2014,11059.925949306722,12882.8,2.0,1.0,3.0,0.0,1.0
United States,Montana,2015,10712.971391041678,14749.1,2.0,1.0,3.0,0.0,1.0
United States,Montana,2016,8972.407139938137,12099.6,2.0,1.0,3.0,0.0,1.0
United States,Montana,2017,8827.296294050788,16680.3,2.0,1.0,3.0,0.0,1.0
United States,Montana,2018,10008.836122006547,16500.2,2.0,1.0,3.0,0.0,1.0
United States,Montana,2019,10279.99583460397,13383.9,2.0,1.0,3.0,0.0,1.0
United States,Montana,2020,8833.854108794505,11142.6,2.0,1.0,3.0,0.0,1.0
United States,Montana,2021,9066.242341877462,12695.5,2.0,1.0,3.0,0.0,1.0
United States,Montana,2022,10143.577648658378,13122.4,2.0,1.0,3.0,0.0,1.0
United States,Montana,2023,9367.027971382437,3264.7,2.0,1.0,3.0,0.0,1.0
United States,Nebraska,2005,7855.91197028173,38365.0,2.0,1.0,0.0,0.0,1.0
United States,Nebraska,2006,7832.605387171259,44172.0,2.0,1.0,0.0,0.0,1.0
United States,Nebraska,2007,7860.25665026292,42955.2,2.0,1.0,0.0,0.0,1.0
United States,Nebraska,2008,7647.2697656028095,45563.600000000006,2.0,1.0,0.0,0.0,1.0
United States,Nebraska,2009,6991.65620102213,42363.7,2.0,1.0,0.0,0.0,1.0
United States,Nebraska,2010,7434.44126976184,45974.0,2.0,1.0,0.0,0.0,1.0
United States,Nebraska,2011,7479.96505139781,50841.2,2.0,1.0,0.0,0.0,1.0
United States,Nebraska,2012,7447.198635094201,51109.1,2.0,1.0,0.0,0.0,1.0
United States,Nebraska,2013,7590.66305043841,51782.7,2.0,1.0,0.0,0.0,1.0
United States,Nebraska,2014,7696.92862021195,49454.0,2.0,1.0,0.0,0.0,1.0
United States,Nebraska,2015,7611.04366792421,45845.4,2.0,1.0,0.0,0.0,1.0
United States,Nebraska,2016,7688.70402478952,44149.0,2.0,1.0,0.0,0.0,1.0
United States,Nebraska,2017,7629.59524755384,43830.5,2.0,1.0,0.0,0.0,1.0
United States,Nebraska,2018,7869.52293910162,49086.6,2.0,1.0,0.0,0.0,1.0
United States,Nebraska,2019,7906.33498014835,52155.3,2.0,1.0,0.0,0.0,1.0
United States,Nebraska,2020,7797.65526815869,52875.0,2.0,1.0,0.0,0.0,1.0
United States,Nebraska,2021,8057.71705973493,57842.0,2.0,1.0,0.0,0.0,1.0
United States,Nebraska,2022,8108.73813887093,58013.9,2.0,1.0,0.0,0.0,1.0
United States,Nebraska,2023,8119.2213900374,14436.9,2.0,1.0,0.0,0.0,1.0
United States,Nevada,2005,4949.5757363167495,21632.0,2.0,1.0,0.0,0.0,1.0
United States,Nevada,2006,4885.87817829873,22415.2,2.0,1.0,0.0,0.0,1.0
United States,Nevada,2007,4934.28059912927,26179.6,2.0,1.0,0.0,0.0,1.0
United States,Nevada,2008,5055.42853164821,26382.1,2.0,1.0,0.0,0.0,1.0
United States,Nevada,2009,4775.9186704085005,22295.9,2.0,1.0,0.0,0.0,1.0
United States,Nevada,2010,4883.04491700006,21277.2,2.0,1.0,0.0,0.0,1.0
United States,Nevada,2011,5453.97910219906,21811.0,2.0,1.0,0.0,0.0,1.0
United States,Nevada,2012,5497.47965117629,24173.3,2.0,1.0,0.0,0.0,1.0
United States,Nevada,2013,5735.16298617578,24562.0,2.0,1.0,0.0,0.0,1.0
United States,Nevada,2014,5700.23385166398,24234.9,2.0,1.0,0.0,0.0,1.0
United States,Nevada,2015,5692.9457461757,22646.7,2.0,1.0,0.0,0.0,1.0
United States,Nevada,2016,5700.22833090172,23379.9,2.0,1.0,0.0,0.0,1.0
United States,Nevada,2017,5423.4519881609,25925.0,2.0,1.0,0.0,0.0,1.0
United States,Nevada,2018,5792.28133908497,29292.2,2.0,1.0,0.0,0.0,1.0
United States,Nevada,2019,5945.862478859601,30302.2,2.0,1.0,0.0,0.0,1.0
United States,Nevada,2020,5772.44676448064,29695.4,2.0,1.0,0.0,0.0,1.0
United States,Nevada,2021,6099.78415773967,33761.3,2.0,1.0,0.0,0.0,1.0
United States,Nevada,2022,6148.09471527991,35403.1,2.0,1.0,0.0,0.0,1.0
United States,Nevada,2023,6248.04320865741,8954.3,2.0,1.0,0.0,0.0,1.0
United States,New Hampshire,2005,1733.845428792254,24963.4,2.0,1.0,0.0,0.0,1.0
United States,New Hampshire,2006,1715.776371323521,27579.6,2.0,1.0,0.0,0.0,1.0
United States,New Hampshire,2007,1715.774851859204,28757.0,2.0,1.0,0.0,0.0,1.0
United States,New Hampshire,2008,1674.958613206976,27383.1,2.0,1.0,0.0,0.0,1.0
United States,New Hampshire,2009,1592.899658821669,25953.2,2.0,1.0,0.0,0.0,1.0
United States,New Hampshire,2010,1620.5931448591232,28607.2,2.0,1.0,0.0,0.0,1.0
United States,New Hampshire,2011,1667.206864654131,29943.7,2.0,1.0,0.0,0.0,1.0
United States,New Hampshire,2012,1653.194989706281,29128.8,2.0,1.0,0.0,0.0,1.0
United States,New Hampshire,2013,1673.839787335119,31635.4,2.0,1.0,0.0,0.0,1.0
United States,New Hampshire,2014,1689.814677486902,29186.8,2.0,1.0,0.0,0.0,1.0
United States,New Hampshire,2015,1679.733913376616,32786.8,2.0,1.0,0.0,0.0,1.0
United States,New Hampshire,2016,1699.568054767023,34301.5,2.0,1.0,0.0,0.0,1.0
United States,New Hampshire,2017,1663.1355239667068,32528.8,2.0,1.0,0.0,0.0,1.0
United States,New Hampshire,2018,1711.753047285909,35341.2,2.0,1.0,0.0,0.0,1.0
United States,New Hampshire,2019,1728.534465797629,35452.1,2.0,1.0,0.0,0.0,1.0
United States,New Hampshire,2020,1724.06554256162,34962.7,2.0,1.0,0.0,0.0,1.0
United States,New Hampshire,2021,1825.488999219713,36823.2,2.0,1.0,0.0,0.0,1.0
United States,New Hampshire,2022,1837.538293656831,39020.3,2.0,1.0,0.0,0.0,1.0
United States,New Hampshire,2023,1846.560392042884,9703.4,2.0,1.0,0.0,0.0,1.0
United States,New Jersey,2005,19131.940548684528,218166.4,2.0,1.0,0.0,0.0,0.0
United States,New Jersey,2006,19220.99058663561,228490.4,2.0,1.0,0.0,0.0,0.0
United States,New Jersey,2007,19089.97909609433,235829.2,2.0,1.0,0.0,0.0,0.0
United States,New Jersey,2008,18531.96381824952,249244.7,2.0,1.0,0.0,0.0,0.0
United States,New Jersey,2009,17523.6863207762,202270.4,2.0,1.0,0.0,0.0,0.0
United States,New Jersey,2010,17895.41740320637,208962.2,2.0,1.0,0.0,0.0,0.0
United States,New Jersey,2011,16839.33382836265,186627.5,2.0,1.0,0.0,0.0,0.0
United States,New Jersey,2012,16817.4061208286,174108.1,2.0,1.0,0.0,0.0,0.0
United States,New Jersey,2013,17024.28335415852,174098.2,2.0,1.0,0.0,0.0,0.0
United States,New Jersey,2014,17208.91518421544,182008.3,2.0,1.0,0.0,0.0,0.0
United States,New Jersey,2015,16987.72492336186,176010.4,2.0,1.0,0.0,0.0,0.0
United States,New Jersey,2016,17352.07599858024,192659.7,2.0,1.0,0.0,0.0,0.0
United States,New Jersey,2017,17098.80174067441,185072.2,2.0,1.0,0.0,0.0,0.0
United States,New Jersey,2018,17482.48894581824,206838.1,2.0,1.0,0.0,0.0,0.0
United States,New Jersey,2019,17570.22433447003,215577.3,2.0,1.0,0.0,0.0,0.0
United States,New Jersey,2020,17182.177236541902,210784.9,2.0,1.0,0.0,0.0,0.0
United States,New Jersey,2021,18039.97247596393,213055.3,2.0,1.0,0.0,0.0,0.0
United States,New Jersey,2022,18198.84357826372,208804.1,2.0,1.0,0.0,0.0,0.0
United States,New Jersey,2023,18250.05915011667,52036.2,2.0,1.0,0.0,0.0,0.0
United States,New Mexico,2005,16018.119413150584,23248.6,2.0,1.0,2.0,0.0,1.0
United States,New Mexico,2006,16976.714440313448,21906.2,2.0,1.0,2.0,0.0,1.0
United States,New Mexico,2007,17105.7951649544,18586.1,2.0,1.0,2.0,0.0,1.0
United States,New Mexico,2008,17404.07016551659,13882.9,2.0,1.0,2.0,0.0,1.0
United States,New Mexico,2009,16647.49669646163,20147.2,2.0,1.0,2.0,0.0,1.0
United States,New Mexico,2010,16841.13219576173,17902.5,2.0,1.0,2.0,0.0,1.0
United States,New Mexico,2011,17707.486853109025,15380.6,2.0,1.0,2.0,0.0,1.0
United States,New Mexico,2012,17838.2821171145,15081.0,2.0,1.0,2.0,0.0,1.0
United States,New Mexico,2013,26227.55228995178,13277.7,2.0,1.0,2.0,0.0,1.0
United States,New Mexico,2014,27843.17835464748,14814.8,2.0,1.0,2.0,0.0,1.0
United States,New Mexico,2015,33274.185691248094,16601.7,2.0,1.0,2.0,0.0,1.0
United States,New Mexico,2016,31376.99149940228,16281.9,2.0,1.0,2.0,0.0,1.0
United States,New Mexico,2017,24325.294390442723,15765.9,2.0,1.0,2.0,0.0,1.0
United States,New Mexico,2018,30952.29568980372,15932.0,2.0,1.0,2.0,0.0,1.0
United States,New Mexico,2019,31836.775294747997,17938.2,2.0,1.0,2.0,0.0,1.0
United States,New Mexico,2020,31753.72800863129,16363.7,2.0,1.0,2.0,0.0,1.0
United States,New Mexico,2021,34912.236739745065,16536.8,2.0,1.0,2.0,0.0,1.0
United States,New Mexico,2022,35142.292942259875,16975.1,2.0,1.0,2.0,0.0,1.0
United States,New Mexico,2023,37631.15138450184,4257.7,2.0,1.0,2.0,0.0,1.0
United States,New York,2005,22507.96045737807,290730.4,2.0,1.0,0.0,0.0,0.0
United States,New York,2006,22348.10997082437,309629.9,2.0,1.0,0.0,0.0,0.0
United States,New York,2007,22365.01893667714,308301.2,2.0,1.0,0.0,0.0,0.0
United States,New York,2008,21320.07438671724,295575.3,2.0,1.0,0.0,0.0,0.0
United States,New York,2009,19485.14522034042,285016.5,2.0,1.0,0.0,0.0,0.0
United States,New York,2010,19960.49779139678,291662.7,2.0,1.0,0.0,0.0,0.0
United States,New York,2011,20370.62531481579,267389.5,2.0,1.0,0.0,0.0,0.0
United States,New York,2012,20490.49571241055,256409.1,2.0,1.0,0.0,0.0,0.0
United States,New York,2013,20429.79738326156,256465.3,2.0,1.0,0.0,0.0,0.0
United States,New York,2014,20765.59667459428,261575.4,2.0,1.0,0.0,0.0,0.0
United States,New York,2015,20448.877760359628,269769.6,2.0,1.0,0.0,0.0,0.0
United States,New York,2016,20329.19054847107,262454.6,2.0,1.0,0.0,0.0,0.0
United States,New York,2017,20019.07172795866,262156.4,2.0,1.0,0.0,0.0,0.0
United States,New York,2018,20325.083192603608,256284.5,2.0,1.0,0.0,0.0,0.0
United States,New York,2019,20613.21090509306,275134.5,2.0,1.0,0.0,0.0,0.0
United States,New York,2020,20283.612852983388,250150.5,2.0,1.0,0.0,0.0,0.0
United States,New York,2021,21371.756312555088,263969.0,2.0,1.0,0.0,0.0,0.0
United States,New York,2022,21525.80576369361,262865.7,2.0,1.0,0.0,0.0,0.0
United States,New York,2023,21273.11641044747,64226.8,2.0,1.0,0.0,0.0,0.0
United States,North Carolina,2005,19181.06852930408,324010.7,2.0,1.0,0.0,0.0,0.0
United States,North Carolina,2006,18929.390314097956,387042.4,2.0,1.0,0.0,0.0,0.0
United States,North Carolina,2007,18909.90694544176,398877.6,2.0,1.0,0.0,0.0,0.0
United States,North Carolina,2008,18479.38197400651,379309.2,2.0,1.0,0.0,0.0,0.0
United States,North Carolina,2009,17080.97372346782,362905.7,2.0,1.0,0.0,0.0,0.0
United States,North Carolina,2010,17735.95798966773,365470.4,2.0,1.0,0.0,0.0,0.0
United States,North Carolina,2011,18100.7393998027,367203.3,2.0,1.0,0.0,0.0,0.0
United States,North Carolina,2012,17951.30563615137,337817.8,2.0,1.0,0.0,0.0,0.0
United States,North Carolina,2013,18106.32874368042,362186.5,2.0,1.0,0.0,0.0,0.0
United States,North Carolina,2014,18175.34200878243,350903.1,2.0,1.0,0.0,0.0,0.0
United States,North Carolina,2015,17932.58301550293,362808.5,2.0,1.0,0.0,0.0,0.0
United States,North Carolina,2016,17943.18062997524,353423.4,2.0,1.0,0.0,0.0,0.0
United States,North Carolina,2017,17470.28553220544,347500.5,2.0,1.0,0.0,0.0,0.0
United States,North Carolina,2018,18004.47954163489,348785.6,2.0,1.0,0.0,0.0,0.0
United States,North Carolina,2019,18062.28875141485,347319.1,2.0,1.0,0.0,0.0,0.0
United States,North Carolina,2020,18220.32051405207,336156.5,2.0,1.0,0.0,0.0,0.0
United States,North Carolina,2021,19382.02713434828,354884.1,2.0,1.0,0.0,0.0,0.0
United States,North Carolina,2022,19473.71207890355,343844.5,2.0,1.0,0.0,0.0,0.0
United States,North Carolina,2023,19771.70807237432,84441.8,2.0,1.0,0.0,0.0,0.0
United States,North Dakota,2005,111922.2563502675,10955.0,0.0,0.0,1.0,1.0,1.0
United States,North Dakota,2006,115744.4776698771,11851.3,0.0,0.0,1.0,1.0,1.0
United States,North Dakota,2007,118491.52407203102,12200.3,0.0,0.0,1.0,1.0,1.0
United States,North Dakota,2008,122802.52178732988,13463.6,0.0,0.0,1.0,1.0,1.0
United States,North Dakota,2009,118704.94302005666,10844.4,0.0,0.0,1.0,1.0,1.0
United States,North Dakota,2010,127182.1275798714,10770.5,0.0,0.0,1.0,1.0,1.0
United States,North Dakota,2011,132734.41619365275,11466.3,0.0,0.0,1.0,1.0,1.0
United States,North Dakota,2012,135141.82067811853,12998.4,0.0,0.0,1.0,1.0,1.0
United States,North Dakota,2013,115810.68437386044,13320.3,0.0,0.0,1.0,1.0,1.0
United States,North Dakota,2014,119708.10511992032,13989.0,0.0,0.0,1.0,1.0,1.0
United States,North Dakota,2015,110841.09934528611,14093.4,0.0,0.0,1.0,1.0,1.0
United States,North Dakota,2016,97690.75702529744,12675.6,0.0,0.0,1.0,1.0,1.0
United States,North Dakota,2017,119825.6570038832,12976.6,0.0,0.0,1.0,1.0,1.0
United States,North Dakota,2018,143944.85967125488,12982.6,0.0,0.0,1.0,1.0,1.0
United States,North Dakota,2019,145544.45361442195,14005.5,0.0,0.0,1.0,1.0,1.0
United States,North Dakota,2020,127003.6587892595,14003.9,0.0,0.0,1.0,1.0,1.0
United States,North Dakota,2021,128709.8879504606,15368.2,0.0,0.0,1.0,1.0,1.0
United States,North Dakota,2022,99654.5092538431,15251.8,0.0,0.0,1.0,1.0,1.0
United States,North Dakota,2023,92297.5469695648,3800.6,0.0,0.0,1.0,1.0,1.0
United States,Ohio,2005,48082.71100505661,431701.3,0.0,0.0,3.0,0.0,0.0
United States,Ohio,2006,49071.55388250901,436794.0,0.0,0.0,3.0,0.0,0.0
United States,Ohio,2007,48193.31759593339,434441.0,0.0,0.0,3.0,0.0,0.0
United States,Ohio,2008,47396.74574676925,403012.5,0.0,0.0,3.0,0.0,0.0
United States,Ohio,2009,40224.181862837686,331615.9,0.0,0.0,3.0,0.0,0.0
United States,Ohio,2010,44594.14265936084,356865.4,0.0,0.0,3.0,0.0,0.0
United States,Ohio,2011,44176.818956817966,381892.4,0.0,0.0,3.0,0.0,0.0
United States,Ohio,2012,43627.00089274294,368231.5,0.0,0.0,3.0,0.0,0.0
United States,Ohio,2013,44463.39063860056,377947.5,0.0,0.0,3.0,0.0,0.0
United States,Ohio,2014,44511.11283935427,415347.0,0.0,0.0,3.0,0.0,0.0
United States,Ohio,2015,43747.37061322751,400141.9,0.0,0.0,3.0,0.0,0.0
United States,Ohio,2016,42126.94723031916,399887.6,0.0,0.0,3.0,0.0,0.0
United States,Ohio,2017,41025.2872407919,407606.9,0.0,0.0,3.0,0.0,0.0
United States,Ohio,2018,43305.59429216347,409260.9,0.0,0.0,3.0,0.0,0.0
United States,Ohio,2019,42827.01336308581,414989.2,0.0,0.0,3.0,0.0,0.0
United States,Ohio,2020,41205.696006719954,389637.8,0.0,0.0,3.0,0.0,0.0
United States,Ohio,2021,43238.82747128928,418635.8,0.0,0.0,3.0,0.0,0.0
United States,Ohio,2022,42824.01834498068,422626.1,0.0,0.0,3.0,0.0,0.0
United States,Ohio,2023,42558.3299859364,104263.8,0.0,0.0,3.0,0.0,0.0
United States,Oklahoma,2005,36836.1328554894,66142.9,2.0,0.0,3.0,1.0,1.0
United States,Oklahoma,2006,35607.2942663426,75655.6,2.0,0.0,3.0,1.0,1.0
United States,Oklahoma,2007,35890.2225779127,73272.4,2.0,0.0,3.0,1.0,1.0
United States,Oklahoma,2008,35651.1085402139,86095.5,2.0,0.0,3.0,1.0,1.0
United States,Oklahoma,2009,33904.3499110486,69461.3,2.0,0.0,3.0,1.0,1.0
United States,Oklahoma,2010,38698.4763131317,62993.4,2.0,0.0,3.0,1.0,1.0
United States,Oklahoma,2011,35637.2051864178,67336.8,2.0,0.0,3.0,1.0,1.0
United States,Oklahoma,2012,35502.1737215671,71264.6,2.0,0.0,3.0,1.0,1.0
United States,Oklahoma,2013,37050.0396034114,68412.4,2.0,0.0,3.0,1.0,1.0
United States,Oklahoma,2014,36323.0514571717,72008.3,2.0,0.0,3.0,1.0,1.0
United States,Oklahoma,2015,37345.154803549005,70759.7,2.0,0.0,3.0,1.0,1.0
United States,Oklahoma,2016,37521.4718265799,63414.4,2.0,0.0,3.0,1.0,1.0
United States,Oklahoma,2017,38823.5689406139,68168.1,2.0,0.0,3.0,1.0,1.0
United States,Oklahoma,2018,40560.1332998614,75134.7,2.0,0.0,3.0,1.0,1.0
United States,Oklahoma,2019,39001.5268503074,77259.1,2.0,0.0,3.0,1.0,1.0
United States,Oklahoma,2020,39405.4181427675,67647.3,2.0,0.0,3.0,1.0,1.0
United States,Oklahoma,2021,38633.1275232166,69450.9,2.0,0.0,3.0,1.0,1.0
United States,Oklahoma,2022,40586.186957162,67430.9,2.0,0.0,3.0,1.0,1.0
United States,Oklahoma,2023,40656.5644988622,16820.0,2.0,0.0,3.0,1.0,1.0
United States,Oregon,2005,11942.55257507613,80344.9,2.0,1.0,0.0,0.0,1.0
United States,Oregon,2006,11675.17111986232,89090.8,2.0,1.0,0.0,0.0,1.0
United States,Oregon,2007,11722.46033299837,92898.0,2.0,1.0,0.0,0.0,1.0
United States,Oregon,2008,11397.57513457686,100722.0,2.0,1.0,0.0,0.0,1.0
United States,Oregon,2009,10276.702138645243,94643.3,2.0,1.0,0.0,0.0,1.0
United States,Oregon,2010,10781.64700584394,101867.2,2.0,1.0,0.0,0.0,1.0
United States,Oregon,2011,11443.02391390447,112154.0,2.0,1.0,0.0,0.0,1.0
United States,Oregon,2012,11535.29527104439,107134.9,2.0,1.0,0.0,0.0,1.0
United States,Oregon,2013,11310.02717709068,109409.8,2.0,1.0,0.0,0.0,1.0
United States,Oregon,2014,11198.4810178842,111098.8,2.0,1.0,0.0,0.0,1.0
United States,Oregon,2015,11082.92278577952,117577.6,2.0,1.0,0.0,0.0,1.0
United States,Oregon,2016,10887.39222988337,120666.8,2.0,1.0,0.0,0.0,1.0
United States,Oregon,2017,10421.30580735731,123825.9,2.0,1.0,0.0,0.0,1.0
United States,Oregon,2018,10789.39776713436,133016.0,2.0,1.0,0.0,0.0,1.0
United States,Oregon,2019,10901.59859014854,130445.1,2.0,1.0,0.0,0.0,1.0
United States,Oregon,2020,10792.6048293086,134750.7,2.0,1.0,0.0,0.0,1.0
United States,Oregon,2021,11383.85250344827,134349.3,2.0,1.0,0.0,0.0,1.0
United States,Oregon,2022,11470.87170074953,133762.9,2.0,1.0,0.0,0.0,1.0
United States,Oregon,2023,11427.66176475124,32947.9,2.0,1.0,0.0,0.0,1.0
United States,Pennsylvania,2005,58808.20282480875,338061.6,0.0,0.0,2.0,0.0,0.0
United States,Pennsylvania,2006,58570.07849200961,345876.2,0.0,0.0,2.0,0.0,0.0
United States,Pennsylvania,2007,57815.27557688631,348667.3,0.0,0.0,2.0,0.0,0.0
United States,Pennsylvania,2008,57615.20121217984,342609.8,0.0,0.0,2.0,0.0,0.0
United States,Pennsylvania,2009,49412.75062132636,310084.0,0.0,0.0,2.0,0.0,0.0
United States,Pennsylvania,2010,50450.5323528063,311608.1,0.0,0.0,2.0,0.0,0.0
United States,Pennsylvania,2011,51385.31612603712,306338.2,0.0,0.0,2.0,0.0,0.0
United States,Pennsylvania,2012,49270.7711670342,302720.7,0.0,0.0,2.0,0.0,0.0
United States,Pennsylvania,2013,45827.0563242583,319564.9,0.0,0.0,2.0,0.0,0.0
United States,Pennsylvania,2014,47918.93766049589,340211.9,0.0,0.0,2.0,0.0,0.0
United States,Pennsylvania,2015,44876.928246348136,335452.0,0.0,0.0,2.0,0.0,0.0
United States,Pennsylvania,2016,40963.72291578446,332947.0,0.0,0.0,2.0,0.0,0.0
United States,Pennsylvania,2017,41258.560056557006,345183.5,0.0,0.0,2.0,0.0,0.0
United States,Pennsylvania,2018,41642.63700432078,341916.4,0.0,0.0,2.0,0.0,0.0
United States,Pennsylvania,2019,41876.30452638051,358917.6,0.0,0.0,2.0,0.0,0.0
United States,Pennsylvania,2020,36939.65514668252,345863.5,0.0,0.0,2.0,0.0,0.0
United States,Pennsylvania,2021,42403.17057166961,358175.4,0.0,0.0,2.0,0.0,0.0
United States,Pennsylvania,2022,43405.15593266896,360815.4,0.0,0.0,2.0,0.0,0.0
United States,Pennsylvania,2023,43501.71586299623,89326.7,0.0,0.0,2.0,0.0,0.0
United States,Rhode Island,2005,1826.9820247092607,18103.3,2.0,1.0,0.0,0.0,1.0
United States,Rhode Island,2006,1798.190162489721,20492.4,2.0,1.0,0.0,0.0,1.0
United States,Rhode Island,2007,1804.305315766701,17985.6,2.0,1.0,0.0,0.0,1.0
United States,Rhode Island,2008,1720.454850077664,17983.0,2.0,1.0,0.0,0.0,1.0
United States,Rhode Island,2009,1635.6158976608322,15931.2,2.0,1.0,0.0,0.0,1.0
United States,Rhode Island,2010,1661.2387186724072,16733.5,2.0,1.0,0.0,0.0,1.0
United States,Rhode Island,2011,1709.284407864642,16342.2,2.0,1.0,0.0,0.0,1.0
United States,Rhode Island,2012,1698.892129742248,16097.2,2.0,1.0,0.0,0.0,1.0
United States,Rhode Island,2013,1689.702367402493,17572.4,2.0,1.0,0.0,0.0,1.0
United States,Rhode Island,2014,1711.396214038903,16942.0,2.0,1.0,0.0,0.0,1.0
United States,Rhode Island,2015,1700.269151369293,18549.7,2.0,1.0,0.0,0.0,1.0
United States,Rhode Island,2016,1727.5651256960991,18656.8,2.0,1.0,0.0,0.0,1.0
United States,Rhode Island,2017,1695.93561007835,18195.5,2.0,1.0,0.0,0.0,1.0
United States,Rhode Island,2018,1719.816226066816,18470.3,2.0,1.0,0.0,0.0,1.0
United States,Rhode Island,2019,1739.108430670852,17908.6,2.0,1.0,0.0,0.0,1.0
United States,Rhode Island,2020,1729.453886767679,17454.3,2.0,1.0,0.0,0.0,1.0
United States,Rhode Island,2021,1828.112831562318,18915.8,2.0,1.0,0.0,0.0,1.0
United States,Rhode Island,2022,1838.114173097805,18856.7,2.0,1.0,0.0,0.0,1.0
United States,Rhode Island,2023,1812.483249305362,4631.4,2.0,1.0,0.0,0.0,1.0
United States,South Carolina,2005,16474.6427268517,111927.5,2.0,1.0,0.0,0.0,1.0
United States,South Carolina,2006,16571.68822036154,114299.2,2.0,1.0,0.0,0.0,1.0
United States,South Carolina,2007,16244.270372919,118920.5,2.0,1.0,0.0,0.0,1.0
United States,South Carolina,2008,15797.02707171783,113981.8,2.0,1.0,0.0,0.0,1.0
United States,South Carolina,2009,13837.52547281726,102596.4,2.0,1.0,0.0,0.0,1.0
United States,South Carolina,2010,14983.64186665079,110280.1,2.0,1.0,0.0,0.0,1.0
United States,South Carolina,2011,14870.19671372481,116826.5,2.0,1.0,0.0,0.0,1.0
United States,South Carolina,2012,14572.222105439969,116119.8,2.0,1.0,0.0,0.0,1.0
United States,South Carolina,2013,14641.79368349482,115852.4,2.0,1.0,0.0,0.0,1.0
United States,South Carolina,2014,14720.08606730488,119438.5,2.0,1.0,0.0,0.0,1.0
United States,South Carolina,2015,14306.78973486443,126819.1,2.0,1.0,0.0,0.0,1.0
United States,South Carolina,2016,14287.80117799814,129448.7,2.0,1.0,0.0,0.0,1.0
United States,South Carolina,2017,14057.31290649083,125755.0,2.0,1.0,0.0,0.0,1.0
United States,South Carolina,2018,14566.1537049059,128147.4,2.0,1.0,0.0,0.0,1.0
United States,South Carolina,2019,14446.06423020172,136377.0,2.0,1.0,0.0,0.0,1.0
United States,South Carolina,2020,14540.74561335434,126197.9,2.0,1.0,0.0,0.0,1.0
United States,South Carolina,2021,15136.6620712416,138992.5,2.0,1.0,0.0,0.0,1.0
United States,South Carolina,2022,15084.05702001147,139819.2,2.0,1.0,0.0,0.0,1.0
United States,South Carolina,2023,15161.02306897924,34244.6,2.0,1.0,0.0,0.0,1.0
United States,South Dakota,2005,2543.7676025075502,12883.5,2.0,1.0,0.0,0.0,1.0
United States,South Dakota,2006,2544.890922324352,13881.6,2.0,1.0,0.0,0.0,1.0
United States,South Dakota,2007,2545.057876675938,15059.3,2.0,1.0,0.0,0.0,1.0
United States,South Dakota,2008,2558.798860470764,14868.2,2.0,1.0,0.0,0.0,1.0
United States,South Dakota,2009,2445.569947462036,12789.5,2.0,1.0,0.0,0.0,1.0
United States,South Dakota,2010,2477.55060548957,13726.0,2.0,1.0,0.0,0.0,1.0
United States,South Dakota,2011,2597.901592211445,15728.7,2.0,1.0,0.0,0.0,1.0
United States,South Dakota,2012,2590.672201533614,15376.3,2.0,1.0,0.0,0.0,1.0
United States,South Dakota,2013,2689.487445781629,15546.1,2.0,1.0,0.0,0.0,1.0
United States,South Dakota,2014,2708.508021994077,15974.1,2.0,1.0,0.0,0.0,1.0
United States,South Dakota,2015,2700.6785356770392,16041.2,2.0,1.0,0.0,0.0,1.0
United States,South Dakota,2016,2725.841345150048,16711.5,2.0,1.0,0.0,0.0,1.0
United States,South Dakota,2017,2674.338618798851,16802.4,2.0,1.0,0.0,0.0,1.0
United States,South Dakota,2018,2817.684281866321,16448.0,2.0,1.0,0.0,0.0,1.0
United States,South Dakota,2019,2848.738263599188,15175.9,2.0,1.0,0.0,0.0,1.0
United States,South Dakota,2020,2816.812842616822,15617.0,2.0,1.0,0.0,0.0,1.0
United States,South Dakota,2021,2964.099429284835,16984.7,2.0,1.0,0.0,0.0,1.0
United States,South Dakota,2022,3008.074129314386,16701.5,2.0,1.0,0.0,0.0,1.0
United States,South Dakota,2023,3067.393304922308,4187.7,2.0,1.0,0.0,0.0,1.0
United States,Tennessee,2005,19061.60209561238,178611.9,2.0,1.0,0.0,0.0,0.0
United States,Tennessee,2006,18738.52044628597,185663.2,2.0,1.0,0.0,0.0,0.0
United States,Tennessee,2007,18810.1832407684,178210.7,2.0,1.0,0.0,0.0,0.0
United States,Tennessee,2008,18488.52580288818,178324.0,2.0,1.0,0.0,0.0,0.0
United States,Tennessee,2009,17105.10193742327,157576.3,2.0,1.0,0.0,0.0,0.0
United States,Tennessee,2010,18133.16300965259,158349.1,2.0,1.0,0.0,0.0,0.0
United States,Tennessee,2011,17941.21246756059,165294.1,2.0,1.0,0.0,0.0,0.0
United States,Tennessee,2012,17923.21829031466,174471.2,2.0,1.0,0.0,0.0,0.0
United States,Tennessee,2013,17994.94075488557,182192.2,2.0,1.0,0.0,0.0,0.0
United States,Tennessee,2014,18096.71525326299,182007.1,2.0,1.0,0.0,0.0,0.0
United States,Tennessee,2015,18079.22283681686,186849.9,2.0,1.0,0.0,0.0,0.0
United States,Tennessee,2016,18201.78780408444,192312.5,2.0,1.0,0.0,0.0,0.0
United States,Tennessee,2017,17804.10098687165,207635.6,2.0,1.0,0.0,0.0,0.0
United States,Tennessee,2018,18402.72695288603,199894.4,2.0,1.0,0.0,0.0,0.0
United States,Tennessee,2019,18431.211466932567,203730.3,2.0,1.0,0.0,0.0,0.0
United States,Tennessee,2020,18391.41434292681,198512.3,2.0,1.0,0.0,0.0,0.0
United States,Tennessee,2021,19184.44509771359,222397.8,2.0,1.0,0.0,0.0,0.0
United States,Tennessee,2022,19434.86222441023,233687.4,2.0,1.0,0.0,0.0,0.0
United States,Tennessee,2023,19553.01029700135,57920.3,2.0,1.0,0.0,0.0,0.0
United States,Texas,2005,198802.7629175355,705927.2,1.0,2.0,1.0,1.0,2.0
United States,Texas,2006,205235.0999368369,800634.9,1.0,2.0,1.0,1.0,2.0
United States,Texas,2007,205980.8136728711,867419.5,1.0,2.0,1.0,1.0,2.0
United States,Texas,2008,208319.2150376445,790655.1,1.0,2.0,1.0,1.0,2.0
United States,Texas,2009,199165.6684733484,743085.3,1.0,2.0,1.0,1.0,2.0
United States,Texas,2010,204590.19009687888,826163.5,1.0,2.0,1.0,1.0,2.0
United States,Texas,2011,200684.7510142341,859389.5,1.0,2.0,1.0,1.0,2.0
United States,Texas,2012,203064.9031175036,829278.6,1.0,2.0,1.0,1.0,2.0
United States,Texas,2013,224202.3019976673,920471.0,1.0,2.0,1.0,1.0,2.0
United States,Texas,2014,234441.5843271127,826832.5,1.0,2.0,1.0,1.0,2.0
United States,Texas,2015,243270.7322252692,852358.1,1.0,2.0,1.0,1.0,2.0
United States,Texas,2016,237570.96046801048,832404.3,1.0,2.0,1.0,1.0,2.0
United States,Texas,2017,239893.9747483545,874011.7999999999,1.0,2.0,1.0,1.0,2.0
United States,Texas,2018,247453.4024423749,948657.9,1.0,2.0,1.0,1.0,2.0
United States,Texas,2019,279678.8685404084,902733.2,1.0,2.0,1.0,1.0,2.0
United States,Texas,2020,264201.587098303,820452.8,1.0,2.0,1.0,1.0,2.0
United States,Texas,2021,256237.9778313229,858713.3,1.0,2.0,1.0,1.0,2.0
United States,Texas,2022,293292.772519916,884454.4,1.0,2.0,1.0,1.0,2.0
United States,Texas,2023,318379.7359770105,224009.8,1.0,2.0,1.0,1.0,2.0
United States,Utah,2005,13923.703705162952,47757.8,2.0,1.0,3.0,0.0,1.0
United States,Utah,2006,13737.613995067635,53653.0,2.0,1.0,3.0,0.0,1.0
United States,Utah,2007,13447.82138042639,58469.6,2.0,1.0,3.0,0.0,1.0
United States,Utah,2008,13257.068651092792,59246.1,2.0,1.0,3.0,0.0,1.0
United States,Utah,2009,11765.22817409744,70770.3,2.0,1.0,3.0,0.0,1.0
United States,Utah,2010,11590.811508918294,75276.0,2.0,1.0,3.0,0.0,1.0
United States,Utah,2011,11976.13970414644,74788.3,2.0,1.0,3.0,0.0,1.0
United States,Utah,2012,11477.1211139626,64473.4,2.0,1.0,3.0,0.0,1.0
United States,Utah,2013,11494.09759778115,66658.0,2.0,1.0,3.0,0.0,1.0
United States,Utah,2014,12115.73744580905,65698.0,2.0,1.0,3.0,0.0,1.0
United States,Utah,2015,10618.82869624142,68770.3,2.0,1.0,3.0,0.0,1.0
United States,Utah,2016,10506.114239450191,67734.1,2.0,1.0,3.0,0.0,1.0
United States,Utah,2017,10628.08554531339,73541.4,2.0,1.0,3.0,0.0,1.0
United States,Utah,2018,11219.55248270994,80775.4,2.0,1.0,3.0,0.0,1.0
United States,Utah,2019,12142.51449783313,86284.2,2.0,1.0,3.0,0.0,1.0
United States,Utah,2020,10793.59106993542,85545.3,2.0,1.0,3.0,0.0,1.0
United States,Utah,2021,12145.02353591543,94519.1,2.0,1.0,3.0,0.0,1.0
United States,Utah,2022,13661.4514580705,94814.2,2.0,1.0,3.0,0.0,1.0
United States,Utah,2023,14489.46615311568,23402.8,2.0,1.0,3.0,0.0,1.0
United States,Vermont,2005,985.1901184335404,10899.6,2.0,1.0,0.0,0.0,1.0
United States,Vermont,2006,979.2689151296754,12289.7,2.0,1.0,0.0,0.0,1.0
United States,Vermont,2007,977.3844003371224,10621.1,2.0,1.0,0.0,0.0,1.0
United States,Vermont,2008,949.0176148925326,12059.7,2.0,1.0,0.0,0.0,1.0
United States,Vermont,2009,901.30219162673,10327.1,2.0,1.0,0.0,0.0,1.0
United States,Vermont,2010,918.1913216370834,12475.7,2.0,1.0,0.0,0.0,1.0
United States,Vermont,2011,965.0137429793048,13107.4,2.0,1.0,0.0,0.0,1.0
United States,Vermont,2012,957.398503479879,13590.2,2.0,1.0,0.0,0.0,1.0
United States,Vermont,2013,958.782619827901,10864.1,2.0,1.0,0.0,0.0,1.0
United States,Vermont,2014,961.857537470606,10652.4,2.0,1.0,0.0,0.0,1.0
United States,Vermont,2015,958.4268954864568,11205.9,2.0,1.0,0.0,0.0,1.0
United States,Vermont,2016,963.9485916400548,11020.9,2.0,1.0,0.0,0.0,1.0
United States,Vermont,2017,932.4769682357676,11166.6,2.0,1.0,0.0,0.0,1.0
United States,Vermont,2018,950.378141046496,11456.3,2.0,1.0,0.0,0.0,1.0
United States,Vermont,2019,964.288476898978,11465.2,2.0,1.0,0.0,0.0,1.0
United States,Vermont,2020,955.2784924124592,11720.2,2.0,1.0,0.0,0.0,1.0
United States,Vermont,2021,1015.550561442506,12321.4,2.0,1.0,0.0,0.0,1.0
United States,Vermont,2022,1023.824978649789,12098.6,2.0,1.0,0.0,0.0,1.0
United States,Vermont,2023,1027.8549278815126,2973.2,2.0,1.0,0.0,0.0,1.0
United States,Virginia,2005,24480.8389976137,159544.6,2.0,1.0,3.0,2.0,0.0
United States,Virginia,2006,24013.5116314234,160990.9,2.0,1.0,3.0,2.0,0.0
United States,Virginia,2007,23638.7313570324,158468.2,2.0,1.0,3.0,2.0,0.0
United States,Virginia,2008,23115.757123853,150862.5,2.0,1.0,3.0,2.0,0.0
United States,Virginia,2009,21096.1409914567,159713.4,2.0,1.0,3.0,2.0,0.0
United States,Virginia,2010,23031.0123047986,169055.7,2.0,1.0,3.0,2.0,0.0
United States,Virginia,2011,22689.6152134155,166641.6,2.0,1.0,3.0,2.0,0.0
United States,Virginia,2012,21822.9763265108,161439.6,2.0,1.0,3.0,2.0,0.0
United States,Virginia,2013,21711.9029848547,162960.40000000002,2.0,1.0,3.0,2.0,0.0
United States,Virginia,2014,21911.8566924733,153764.2,2.0,1.0,3.0,2.0,0.0
United States,Virginia,2015,21530.9235645628,156624.3,2.0,1.0,3.0,2.0,0.0
United States,Virginia,2016,21004.379820832502,152908.4,2.0,1.0,3.0,2.0,0.0
United States,Virginia,2017,20825.383212660752,153775.6,2.0,1.0,3.0,2.0,0.0
United States,Virginia,2018,21083.63760522123,161630.8,2.0,1.0,3.0,2.0,0.0
United States,Virginia,2019,21126.33630884181,163873.3,2.0,1.0,3.0,2.0,0.0
United States,Virginia,2020,20796.88192283331,158322.4,2.0,1.0,3.0,2.0,0.0
United States,Virginia,2021,22738.8874738989,170273.3,2.0,1.0,3.0,2.0,0.0
United States,Virginia,2022,23107.225099471543,169136.5,2.0,1.0,3.0,2.0,0.0
United States,Virginia,2023,23195.05856799399,41547.9,2.0,1.0,3.0,2.0,0.0
United States,Washington,2005,27091.38478471442,178988.0,2.0,0.0,0.0,0.0,0.0
United States,Washington,2006,26611.170770579494,189803.1,2.0,0.0,0.0,0.0,0.0
United States,Washington,2007,27070.05264705083,212774.2,2.0,0.0,0.0,0.0,0.0
United States,Washington,2008,25367.04236090375,203132.9,2.0,0.0,0.0,0.0,0.0
United States,Washington,2009,22753.6495936619,205960.0,2.0,0.0,0.0,0.0,0.0
United States,Washington,2010,23689.80762262606,220085.7,2.0,0.0,0.0,0.0,0.0
United States,Washington,2011,23094.21586087649,221534.3,2.0,0.0,0.0,0.0,0.0
United States,Washington,2012,23365.89264518357,231122.1,2.0,0.0,0.0,0.0,0.0
United States,Washington,2013,22886.59783052851,237753.3,2.0,0.0,0.0,0.0,0.0
United States,Washington,2014,22718.86215480104,244119.5,2.0,0.0,0.0,0.0,0.0
United States,Washington,2015,22295.78678288406,257445.3,2.0,0.0,0.0,0.0,0.0
United States,Washington,2016,21996.00330865906,229819.7,2.0,0.0,0.0,0.0,0.0
United States,Washington,2017,21203.6364766739,228463.6,2.0,0.0,0.0,0.0,0.0
United States,Washington,2018,21906.93467659236,233841.2,2.0,0.0,0.0,0.0,0.0
United States,Washington,2019,21896.55104421956,239093.9,2.0,0.0,0.0,0.0,0.0
United States,Washington,2020,21607.00788563231,224470.9,2.0,0.0,0.0,0.0,0.0
United States,Washington,2021,22712.788409556983,226611.0,2.0,0.0,0.0,0.0,0.0
United States,Washington,2022,23035.076312922694,229215.1,2.0,0.0,0.0,0.0,0.0
United States,Washington,2023,23032.86291344808,57603.6,2.0,0.0,0.0,0.0,0.0
United States,West Virginia,2005,33881.81089755859,30364.800000000003,2.0,1.0,2.0,0.0,1.0
United States,West Virginia,2006,33578.8379613988,30406.4,2.0,1.0,2.0,0.0,1.0
United States,West Virginia,2007,36523.53964419988,28136.0,2.0,1.0,2.0,0.0,1.0
United States,West Virginia,2008,35818.46526792732,28483.9,2.0,1.0,2.0,0.0,1.0
United States,West Virginia,2009,30010.570068203597,29507.7,2.0,1.0,2.0,0.0,1.0
United States,West Virginia,2010,29459.03593451291,27653.8,2.0,1.0,2.0,0.0,1.0
United States,West Virginia,2011,30799.611279037777,27845.6,2.0,1.0,2.0,0.0,1.0
United States,West Virginia,2012,32076.910718839477,27360.3,2.0,1.0,2.0,0.0,1.0
United States,West Virginia,2013,29951.010229984637,28873.4,2.0,1.0,2.0,0.0,1.0
United States,West Virginia,2014,29122.177613478907,27802.2,2.0,1.0,2.0,0.0,1.0
United States,West Virginia,2015,26814.80908163352,26414.7,2.0,1.0,2.0,0.0,1.0
United States,West Virginia,2016,21862.62469850666,27408.9,2.0,1.0,2.0,0.0,1.0
United States,West Virginia,2017,22659.75770307373,29026.2,2.0,1.0,2.0,0.0,1.0
United States,West Virginia,2018,22039.42510902029,28974.8,2.0,1.0,2.0,0.0,1.0
United States,West Virginia,2019,22467.35585549176,27438.4,2.0,1.0,2.0,0.0,1.0
United States,West Virginia,2020,19470.511034335497,26984.8,2.0,1.0,2.0,0.0,1.0
United States,West Virginia,2021,28247.26615633556,28676.9,2.0,1.0,2.0,0.0,1.0
United States,West Virginia,2022,29024.23986991445,27889.5,2.0,1.0,2.0,0.0,1.0
United States,West Virginia,2023,29194.71168811837,6814.8,2.0,1.0,2.0,0.0,1.0
United States,Wisconsin,2005,22389.02405706111,206553.5,2.0,1.0,0.0,0.0,0.0
United States,Wisconsin,2006,22228.92572156291,220800.0,2.0,1.0,0.0,0.0,0.0
United States,Wisconsin,2007,22023.49824228669,219654.2,2.0,1.0,0.0,0.0,0.0
United States,Wisconsin,2008,21392.68661145777,204524.2,2.0,1.0,0.0,0.0,0.0
United States,Wisconsin,2009,19953.86676121155,182004.2,2.0,1.0,0.0,0.0,0.0
United States,Wisconsin,2010,20550.67672216495,199183.3,2.0,1.0,0.0,0.0,0.0
United States,Wisconsin,2011,20288.81668906263,209099.4,2.0,1.0,0.0,0.0,0.0
United States,Wisconsin,2012,19910.61718249667,216492.9,2.0,1.0,0.0,0.0,0.0
United States,Wisconsin,2013,20070.81536356758,219337.4,2.0,1.0,0.0,0.0,0.0
United States,Wisconsin,2014,20267.998500088543,219412.2,2.0,1.0,0.0,0.0,0.0
United States,Wisconsin,2015,20022.38921687689,217982.2,2.0,1.0,0.0,0.0,0.0
United States,Wisconsin,2016,20076.845417186232,216079.3,2.0,1.0,0.0,0.0,0.0
United States,Wisconsin,2017,19662.98111465945,211433.9,2.0,1.0,0.0,0.0,0.0
United States,Wisconsin,2018,20177.76328009989,215704.7,2.0,1.0,0.0,0.0,0.0
United States,Wisconsin,2019,20183.688669461106,224629.8,2.0,1.0,0.0,0.0,0.0
United States,Wisconsin,2020,20604.88913278721,212102.6,2.0,1.0,0.0,0.0,0.0
United States,Wisconsin,2021,22072.85683884395,231783.1,2.0,1.0,0.0,0.0,0.0
United States,Wisconsin,2022,22263.31356955812,226764.4,2.0,1.0,0.0,0.0,0.0
United States,Wisconsin,2023,22451.78112413513,55902.6,2.0,1.0,0.0,0.0,0.0
United States,Wyoming,2005,31006.75457687734,8850.800000000001,2.0,1.0,2.0,0.0,1.0
United States,Wyoming,2006,34538.871559604435,10239.9,2.0,1.0,2.0,0.0,1.0
United States,Wyoming,2007,33560.81709034924,14680.2,2.0,1.0,2.0,0.0,1.0
United States,Wyoming,2008,33475.87826668374,18178.7,2.0,1.0,2.0,0.0,1.0
United States,Wyoming,2009,29563.292469562057,9104.2,2.0,1.0,2.0,0.0,1.0
United States,Wyoming,2010,27813.04250127147,9085.2,2.0,1.0,2.0,0.0,1.0
United States,Wyoming,2011,31240.29538627873,8872.5,2.0,1.0,2.0,0.0,1.0
United States,Wyoming,2012,29912.641612200838,10051.0,2.0,1.0,2.0,0.0,1.0
United States,Wyoming,2013,29686.178652584487,8142.8,2.0,1.0,2.0,0.0,1.0
United States,Wyoming,2014,28411.65963537731,7519.3,2.0,1.0,2.0,0.0,1.0
United States,Wyoming,2015,26603.404754916137,10322.2,2.0,1.0,2.0,0.0,1.0
United States,Wyoming,2016,23232.152135568453,8521.8,2.0,1.0,2.0,0.0,1.0
United States,Wyoming,2017,24884.9347877025,0.0,2.0,1.0,2.0,0.0,1.0
United States,Wyoming,2018,23529.56467734641,11048.1,2.0,1.0,2.0,0.0,1.0
United States,Wyoming,2019,23935.16339235379,12901.4,2.0,1.0,2.0,0.0,1.0
United States,Wyoming,2020,19921.270647413225,10644.7,2.0,1.0,2.0,0.0,1.0
United States,Wyoming,2021,19118.464881859458,11080.6,2.0,1.0,2.0,0.0,1.0
United States,Wyoming,2022,19578.49697076577,12217.0,2.0,1.0,2.0,0.0,1.0
United States,Wyoming,2023,20659.1777935396,2984.0,2.0,1.0,2.0,0.0,1.0
